Word,Input,Expected Language Id,Expected Language,Result,Error
Modulverkauf,"(77, 111, 100, 117, 108, 118, 101, 114, 107, 97, 117, 102, 0, 0, 0, 0, 0, 0, 0, 0)",4,German,2.15505,-1.84495
Beckenablauf,"(66, 101, 99, 107, 101, 110, 97, 98, 108, 97, 117, 102, 0, 0, 0, 0, 0, 0, 0, 0)",4,German,2.15505,-1.84495
acecinaríamos,"(97, 99, 101, 99, 105, 110, 97, 114, 237, 97, 109, 111, 115, 0, 0, 0, 0, 0, 0, 0)",1,Spanish,2.15505,1.15505
Funkgenehmigungen,"(70, 117, 110, 107, 103, 101, 110, 101, 104, 109, 105, 103, 117, 110, 103, 101, 110, 0, 0, 0)",4,German,2.15505,-1.84495
Briefgewicht,"(66, 114, 105, 101, 102, 103, 101, 119, 105, 99, 104, 116, 0, 0, 0, 0, 0, 0, 0, 0)",4,German,2.15505,-1.84495
Bilderbuchlandungen,"(66, 105, 108, 100, 101, 114, 98, 117, 99, 104, 108, 97, 110, 100, 117, 110, 103, 101, 110, 0)",4,German,2.15505,-1.84495
Dienstgebietes,"(68, 105, 101, 110, 115, 116, 103, 101, 98, 105, 101, 116, 101, 115, 0, 0, 0, 0, 0, 0)",4,German,2.15505,-1.84495
aullidos,"(97, 117, 108, 108, 105, 100, 111, 115, 0, 0, 0, 0, 0, 0, 0, 0, 0, 0, 0, 0)",1,Spanish,2.15505,1.15505
devengará,"(100, 101, 118, 101, 110, 103, 97, 114, 225, 0, 0, 0, 0, 0, 0, 0, 0, 0, 0, 0)",1,Spanish,2.15505,1.15505
ausleerte,"(97, 117, 115, 108, 101, 101, 114, 116, 101, 0, 0, 0, 0, 0, 0, 0, 0, 0, 0, 0)",4,German,2.15505,-1.84495
detractaréis,"(100, 101, 116, 114, 97, 99, 116, 97, 114, 233, 105, 115, 0, 0, 0, 0, 0, 0, 0, 0)",1,Spanish,2.15505,1.15505
wohlerzogensten,"(119, 111, 104, 108, 101, 114, 122, 111, 103, 101, 110, 115, 116, 101, 110, 0, 0, 0, 0, 0)",4,German,2.15505,-1.84495
apenaríais,"(97, 112, 101, 110, 97, 114, 237, 97, 105, 115, 0, 0, 0, 0, 0, 0, 0, 0, 0, 0)",1,Spanish,2.15505,1.15505
realquilamos,"(114, 101, 97, 108, 113, 117, 105, 108, 97, 109, 111, 115, 0, 0, 0, 0, 0, 0, 0, 0)",1,Spanish,2.15505,1.15505
aislaría,"(97, 105, 115, 108, 97, 114, 237, 97, 0, 0, 0, 0, 0, 0, 0, 0, 0, 0, 0, 0)",1,Spanish,2.15505,1.15505
Schulnöte,"(83, 99, 104, 117, 108, 110, 246, 116, 101, 0, 0, 0, 0, 0, 0, 0, 0, 0, 0, 0)",4,German,2.15505,-1.84495
constipéis,"(99, 111, 110, 115, 116, 105, 112, 233, 105, 115, 0, 0, 0, 0, 0, 0, 0, 0, 0, 0)",1,Spanish,2.15505,1.15505
precavió,"(112, 114, 101, 99, 97, 118, 105, 243, 0, 0, 0, 0, 0, 0, 0, 0, 0, 0, 0, 0)",1,Spanish,2.15505,1.15505
contrainterrogad,"(99, 111, 110, 116, 114, 97, 105, 110, 116, 101, 114, 114, 111, 103, 97, 100, 0, 0, 0, 0)",1,Spanish,2.15505,1.15505
Oktobergehalt,"(79, 107, 116, 111, 98, 101, 114, 103, 101, 104, 97, 108, 116, 0, 0, 0, 0, 0, 0, 0)",4,German,2.15505,-1.84495
zanganees,"(122, 97, 110, 103, 97, 110, 101, 101, 115, 0, 0, 0, 0, 0, 0, 0, 0, 0, 0, 0)",1,Spanish,2.15505,1.15505
caucionabais,"(99, 97, 117, 99, 105, 111, 110, 97, 98, 97, 105, 115, 0, 0, 0, 0, 0, 0, 0, 0)",1,Spanish,2.15505,1.15505
Tribadie,"(84, 114, 105, 98, 97, 100, 105, 101, 0, 0, 0, 0, 0, 0, 0, 0, 0, 0, 0, 0)",4,German,2.15505,-1.84495
Wasserdarstellung,"(87, 97, 115, 115, 101, 114, 100, 97, 114, 115, 116, 101, 108, 108, 117, 110, 103, 0, 0, 0)",4,German,2.15505,-1.84495
Funkrechten,"(70, 117, 110, 107, 114, 101, 99, 104, 116, 101, 110, 0, 0, 0, 0, 0, 0, 0, 0, 0)",4,German,2.15505,-1.84495
recostamos,"(114, 101, 99, 111, 115, 116, 97, 109, 111, 115, 0, 0, 0, 0, 0, 0, 0, 0, 0, 0)",1,Spanish,2.15505,1.15505
costearíamos,"(99, 111, 115, 116, 101, 97, 114, 237, 97, 109, 111, 115, 0, 0, 0, 0, 0, 0, 0, 0)",1,Spanish,2.15505,1.15505
Berichtsblatt,"(66, 101, 114, 105, 99, 104, 116, 115, 98, 108, 97, 116, 116, 0, 0, 0, 0, 0, 0, 0)",4,German,2.15505,-1.84495
rumgebrüllt,"(114, 117, 109, 103, 101, 98, 114, 252, 108, 108, 116, 0, 0, 0, 0, 0, 0, 0, 0, 0)",4,German,2.15505,-1.84495
unbeschönigt,"(117, 110, 98, 101, 115, 99, 104, 246, 110, 105, 103, 116, 0, 0, 0, 0, 0, 0, 0, 0)",4,German,2.15505,-1.84495
colonizaban,"(99, 111, 108, 111, 110, 105, 122, 97, 98, 97, 110, 0, 0, 0, 0, 0, 0, 0, 0, 0)",1,Spanish,2.15505,1.15505
Rückführungsverlauf,"(82, 252, 99, 107, 102, 252, 104, 114, 117, 110, 103, 115, 118, 101, 114, 108, 97, 117, 102, 0)",4,German,2.15505,-1.84495
Nichtladungen,"(78, 105, 99, 104, 116, 108, 97, 100, 117, 110, 103, 101, 110, 0, 0, 0, 0, 0, 0, 0)",4,German,2.15505,-1.84495
Blitzstäben,"(66, 108, 105, 116, 122, 115, 116, 228, 98, 101, 110, 0, 0, 0, 0, 0, 0, 0, 0, 0)",4,German,2.15505,-1.84495
Musiksessionen,"(77, 117, 115, 105, 107, 115, 101, 115, 115, 105, 111, 110, 101, 110, 0, 0, 0, 0, 0, 0)",4,German,2.15505,-1.84495
polinizaré,"(112, 111, 108, 105, 110, 105, 122, 97, 114, 233, 0, 0, 0, 0, 0, 0, 0, 0, 0, 0)",1,Spanish,2.15505,1.15505
Unterkiefereckzahns,"(85, 110, 116, 101, 114, 107, 105, 101, 102, 101, 114, 101, 99, 107, 122, 97, 104, 110, 115, 0)",4,German,2.15505,-1.84495
subcontrata,"(115, 117, 98, 99, 111, 110, 116, 114, 97, 116, 97, 0, 0, 0, 0, 0, 0, 0, 0, 0)",1,Spanish,2.15505,1.15505
finamos,"(102, 105, 110, 97, 109, 111, 115, 0, 0, 0, 0, 0, 0, 0, 0, 0, 0, 0, 0, 0)",1,Spanish,2.15505,1.15505
Staatsbereichen,"(83, 116, 97, 97, 116, 115, 98, 101, 114, 101, 105, 99, 104, 101, 110, 0, 0, 0, 0, 0)",4,German,2.15505,-1.84495
bisamos,"(98, 105, 115, 97, 109, 111, 115, 0, 0, 0, 0, 0, 0, 0, 0, 0, 0, 0, 0, 0)",1,Spanish,2.15505,1.15505
Zuchthausurteilen,"(90, 117, 99, 104, 116, 104, 97, 117, 115, 117, 114, 116, 101, 105, 108, 101, 110, 0, 0, 0)",4,German,2.15505,-1.84495
entibiasteis,"(101, 110, 116, 105, 98, 105, 97, 115, 116, 101, 105, 115, 0, 0, 0, 0, 0, 0, 0, 0)",1,Spanish,2.15505,1.15505
botmäßiger,"(98, 111, 116, 109, 228, 223, 105, 103, 101, 114, 0, 0, 0, 0, 0, 0, 0, 0, 0, 0)",4,German,2.15505,-1.84495
Jobsteuerungen,"(74, 111, 98, 115, 116, 101, 117, 101, 114, 117, 110, 103, 101, 110, 0, 0, 0, 0, 0, 0)",4,German,2.15505,-1.84495
hidroplano,"(104, 105, 100, 114, 111, 112, 108, 97, 110, 111, 0, 0, 0, 0, 0, 0, 0, 0, 0, 0)",1,Spanish,2.15505,1.15505
matiz,"(109, 97, 116, 105, 122, 0, 0, 0, 0, 0, 0, 0, 0, 0, 0, 0, 0, 0, 0, 0)",1,Spanish,1.62269,0.62269
Schwarzblechen,"(83, 99, 104, 119, 97, 114, 122, 98, 108, 101, 99, 104, 101, 110, 0, 0, 0, 0, 0, 0)",4,German,2.15505,-1.84495
editar,"(101, 100, 105, 116, 97, 114, 0, 0, 0, 0, 0, 0, 0, 0, 0, 0, 0, 0, 0, 0)",1,Spanish,2.15505,1.15505
Diätküchenbetriebe,"(68, 105, 228, 116, 107, 252, 99, 104, 101, 110, 98, 101, 116, 114, 105, 101, 98, 101, 0, 0)",4,German,2.15505,-1.84495
Durchgangstüren,"(68, 117, 114, 99, 104, 103, 97, 110, 103, 115, 116, 252, 114, 101, 110, 0, 0, 0, 0, 0)",4,German,2.15505,-1.84495
subfletarais,"(115, 117, 98, 102, 108, 101, 116, 97, 114, 97, 105, 115, 0, 0, 0, 0, 0, 0, 0, 0)",1,Spanish,2.15505,1.15505
Kabinenbesatzung,"(75, 97, 98, 105, 110, 101, 110, 98, 101, 115, 97, 116, 122, 117, 110, 103, 0, 0, 0, 0)",4,German,2.15505,-1.84495
descaminamos,"(100, 101, 115, 99, 97, 109, 105, 110, 97, 109, 111, 115, 0, 0, 0, 0, 0, 0, 0, 0)",1,Spanish,2.15505,1.15505
cronometro,"(99, 114, 111, 110, 111, 109, 101, 116, 114, 111, 0, 0, 0, 0, 0, 0, 0, 0, 0, 0)",1,Spanish,2.15505,1.15505
obelisco,"(111, 98, 101, 108, 105, 115, 99, 111, 0, 0, 0, 0, 0, 0, 0, 0, 0, 0, 0, 0)",1,Spanish,2.15505,1.15505
Erfrischungsgetränks,"(69, 114, 102, 114, 105, 115, 99, 104, 117, 110, 103, 115, 103, 101, 116, 114, 228, 110, 107, 115)",4,German,2.15505,-1.84495
Karnevalsfestes,"(75, 97, 114, 110, 101, 118, 97, 108, 115, 102, 101, 115, 116, 101, 115, 0, 0, 0, 0, 0)",4,German,2.15505,-1.84495
hurgoneéis,"(104, 117, 114, 103, 111, 110, 101, 233, 105, 115, 0, 0, 0, 0, 0, 0, 0, 0, 0, 0)",1,Spanish,2.15505,1.15505
corvetearías,"(99, 111, 114, 118, 101, 116, 101, 97, 114, 237, 97, 115, 0, 0, 0, 0, 0, 0, 0, 0)",1,Spanish,2.15505,1.15505
conllevaban,"(99, 111, 110, 108, 108, 101, 118, 97, 98, 97, 110, 0, 0, 0, 0, 0, 0, 0, 0, 0)",1,Spanish,2.15505,1.15505
friccional,"(102, 114, 105, 99, 99, 105, 111, 110, 97, 108, 0, 0, 0, 0, 0, 0, 0, 0, 0, 0)",1,Spanish,2.15505,1.15505
Kabinettsakten,"(75, 97, 98, 105, 110, 101, 116, 116, 115, 97, 107, 116, 101, 110, 0, 0, 0, 0, 0, 0)",4,German,2.15505,-1.84495
sacad,"(115, 97, 99, 97, 100, 0, 0, 0, 0, 0, 0, 0, 0, 0, 0, 0, 0, 0, 0, 0)",1,Spanish,1.62269,0.62269
reembanderan,"(114, 101, 101, 109, 98, 97, 110, 100, 101, 114, 97, 110, 0, 0, 0, 0, 0, 0, 0, 0)",1,Spanish,2.15505,1.15505
Salzstreit,"(83, 97, 108, 122, 115, 116, 114, 101, 105, 116, 0, 0, 0, 0, 0, 0, 0, 0, 0, 0)",4,German,2.15505,-1.84495
costado,"(99, 111, 115, 116, 97, 100, 111, 0, 0, 0, 0, 0, 0, 0, 0, 0, 0, 0, 0, 0)",1,Spanish,2.15505,1.15505
Heeresgruppenzeitung,"(72, 101, 101, 114, 101, 115, 103, 114, 117, 112, 112, 101, 110, 122, 101, 105, 116, 117, 110, 103)",4,German,2.15505,-1.84495
Filmdrehbuches,"(70, 105, 108, 109, 100, 114, 101, 104, 98, 117, 99, 104, 101, 115, 0, 0, 0, 0, 0, 0)",4,German,2.15505,-1.84495
Mechanikerin,"(77, 101, 99, 104, 97, 110, 105, 107, 101, 114, 105, 110, 0, 0, 0, 0, 0, 0, 0, 0)",4,German,2.15505,-1.84495
Rostband,"(82, 111, 115, 116, 98, 97, 110, 100, 0, 0, 0, 0, 0, 0, 0, 0, 0, 0, 0, 0)",4,German,2.15505,-1.84495
Hautschutzmittels,"(72, 97, 117, 116, 115, 99, 104, 117, 116, 122, 109, 105, 116, 116, 101, 108, 115, 0, 0, 0)",4,German,2.15505,-1.84495
Moschusochse,"(77, 111, 115, 99, 104, 117, 115, 111, 99, 104, 115, 101, 0, 0, 0, 0, 0, 0, 0, 0)",4,German,2.15505,-1.84495
Publikumswirksamkeit,"(80, 117, 98, 108, 105, 107, 117, 109, 115, 119, 105, 114, 107, 115, 97, 109, 107, 101, 105, 116)",4,German,2.15505,-1.84495
Abschlusslandung,"(65, 98, 115, 99, 104, 108, 117, 115, 115, 108, 97, 110, 100, 117, 110, 103, 0, 0, 0, 0)",4,German,2.15505,-1.84495
keltischer,"(107, 101, 108, 116, 105, 115, 99, 104, 101, 114, 0, 0, 0, 0, 0, 0, 0, 0, 0, 0)",4,German,2.15505,-1.84495
oía,"(111, 237, 97, 0, 0, 0, 0, 0, 0, 0, 0, 0, 0, 0, 0, 0, 0, 0, 0, 0)",1,Spanish,1.62269,0.62269
wertbeständiges,"(119, 101, 114, 116, 98, 101, 115, 116, 228, 110, 100, 105, 103, 101, 115, 0, 0, 0, 0, 0)",4,German,2.15505,-1.84495
Ausflugszug,"(65, 117, 115, 102, 108, 117, 103, 115, 122, 117, 103, 0, 0, 0, 0, 0, 0, 0, 0, 0)",4,German,2.15505,-1.84495
karamellfarbenen,"(107, 97, 114, 97, 109, 101, 108, 108, 102, 97, 114, 98, 101, 110, 101, 110, 0, 0, 0, 0)",4,German,2.15505,-1.84495
adormecida,"(97, 100, 111, 114, 109, 101, 99, 105, 100, 97, 0, 0, 0, 0, 0, 0, 0, 0, 0, 0)",1,Spanish,2.15505,1.15505
Remter,"(82, 101, 109, 116, 101, 114, 0, 0, 0, 0, 0, 0, 0, 0, 0, 0, 0, 0, 0, 0)",4,German,2.15505,-1.84495
inculquemos,"(105, 110, 99, 117, 108, 113, 117, 101, 109, 111, 115, 0, 0, 0, 0, 0, 0, 0, 0, 0)",1,Spanish,2.15505,1.15505
revaloración,"(114, 101, 118, 97, 108, 111, 114, 97, 99, 105, 243, 110, 0, 0, 0, 0, 0, 0, 0, 0)",1,Spanish,2.15505,1.15505
Säbelbein,"(83, 228, 98, 101, 108, 98, 101, 105, 110, 0, 0, 0, 0, 0, 0, 0, 0, 0, 0, 0)",4,German,2.15505,-1.84495
Buchhälfte,"(66, 117, 99, 104, 104, 228, 108, 102, 116, 101, 0, 0, 0, 0, 0, 0, 0, 0, 0, 0)",4,German,2.15505,-1.84495
mencionó,"(109, 101, 110, 99, 105, 111, 110, 243, 0, 0, 0, 0, 0, 0, 0, 0, 0, 0, 0, 0)",1,Spanish,2.15505,1.15505
coyunturales,"(99, 111, 121, 117, 110, 116, 117, 114, 97, 108, 101, 115, 0, 0, 0, 0, 0, 0, 0, 0)",1,Spanish,2.15505,1.15505
blödeltet,"(98, 108, 246, 100, 101, 108, 116, 101, 116, 0, 0, 0, 0, 0, 0, 0, 0, 0, 0, 0)",4,German,2.15505,-1.84495
recusaste,"(114, 101, 99, 117, 115, 97, 115, 116, 101, 0, 0, 0, 0, 0, 0, 0, 0, 0, 0, 0)",1,Spanish,2.15505,1.15505
garapiñáis,"(103, 97, 114, 97, 112, 105, 241, 225, 105, 115, 0, 0, 0, 0, 0, 0, 0, 0, 0, 0)",1,Spanish,2.15505,1.15505
Preislinie,"(80, 114, 101, 105, 115, 108, 105, 110, 105, 101, 0, 0, 0, 0, 0, 0, 0, 0, 0, 0)",4,German,2.15505,-1.84495
Kriegsgegnerschaft,"(75, 114, 105, 101, 103, 115, 103, 101, 103, 110, 101, 114, 115, 99, 104, 97, 102, 116, 0, 0)",4,German,2.15505,-1.84495
acabarais,"(97, 99, 97, 98, 97, 114, 97, 105, 115, 0, 0, 0, 0, 0, 0, 0, 0, 0, 0, 0)",1,Spanish,2.15505,1.15505
Endbossen,"(69, 110, 100, 98, 111, 115, 115, 101, 110, 0, 0, 0, 0, 0, 0, 0, 0, 0, 0, 0)",4,German,2.15505,-1.84495
Backsteingewölbe,"(66, 97, 99, 107, 115, 116, 101, 105, 110, 103, 101, 119, 246, 108, 98, 101, 0, 0, 0, 0)",4,German,2.15505,-1.84495
Hausverkaufes,"(72, 97, 117, 115, 118, 101, 114, 107, 97, 117, 102, 101, 115, 0, 0, 0, 0, 0, 0, 0)",4,German,2.15505,-1.84495
emanarais,"(101, 109, 97, 110, 97, 114, 97, 105, 115, 0, 0, 0, 0, 0, 0, 0, 0, 0, 0, 0)",1,Spanish,2.15505,1.15505
carbonizaría,"(99, 97, 114, 98, 111, 110, 105, 122, 97, 114, 237, 97, 0, 0, 0, 0, 0, 0, 0, 0)",1,Spanish,2.15505,1.15505
pellizcaran,"(112, 101, 108, 108, 105, 122, 99, 97, 114, 97, 110, 0, 0, 0, 0, 0, 0, 0, 0, 0)",1,Spanish,2.15505,1.15505
perdierais,"(112, 101, 114, 100, 105, 101, 114, 97, 105, 115, 0, 0, 0, 0, 0, 0, 0, 0, 0, 0)",1,Spanish,2.15505,1.15505
deprimo,"(100, 101, 112, 114, 105, 109, 111, 0, 0, 0, 0, 0, 0, 0, 0, 0, 0, 0, 0, 0)",1,Spanish,2.15505,1.15505
Gäbelchens,"(71, 228, 98, 101, 108, 99, 104, 101, 110, 115, 0, 0, 0, 0, 0, 0, 0, 0, 0, 0)",4,German,2.15505,-1.84495
electrocutáis,"(101, 108, 101, 99, 116, 114, 111, 99, 117, 116, 225, 105, 115, 0, 0, 0, 0, 0, 0, 0)",1,Spanish,2.15505,1.15505
einzuführen,"(101, 105, 110, 122, 117, 102, 252, 104, 114, 101, 110, 0, 0, 0, 0, 0, 0, 0, 0, 0)",4,German,2.15505,-1.84495
pasmáramos,"(112, 97, 115, 109, 225, 114, 97, 109, 111, 115, 0, 0, 0, 0, 0, 0, 0, 0, 0, 0)",1,Spanish,2.15505,1.15505
laudasteis,"(108, 97, 117, 100, 97, 115, 116, 101, 105, 115, 0, 0, 0, 0, 0, 0, 0, 0, 0, 0)",1,Spanish,2.15505,1.15505
rajaron,"(114, 97, 106, 97, 114, 111, 110, 0, 0, 0, 0, 0, 0, 0, 0, 0, 0, 0, 0, 0)",1,Spanish,2.15505,1.15505
Bürohilfen,"(66, 252, 114, 111, 104, 105, 108, 102, 101, 110, 0, 0, 0, 0, 0, 0, 0, 0, 0, 0)",4,German,2.15505,-1.84495
ballenera,"(98, 97, 108, 108, 101, 110, 101, 114, 97, 0, 0, 0, 0, 0, 0, 0, 0, 0, 0, 0)",1,Spanish,2.15505,1.15505
Kapitalabzügen,"(75, 97, 112, 105, 116, 97, 108, 97, 98, 122, 252, 103, 101, 110, 0, 0, 0, 0, 0, 0)",4,German,2.15505,-1.84495
Tagesläufe,"(84, 97, 103, 101, 115, 108, 228, 117, 102, 101, 0, 0, 0, 0, 0, 0, 0, 0, 0, 0)",4,German,2.15505,-1.84495
Zellatmung,"(90, 101, 108, 108, 97, 116, 109, 117, 110, 103, 0, 0, 0, 0, 0, 0, 0, 0, 0, 0)",4,German,2.15505,-1.84495
púdico,"(112, 250, 100, 105, 99, 111, 0, 0, 0, 0, 0, 0, 0, 0, 0, 0, 0, 0, 0, 0)",1,Spanish,2.28989,1.28989
condicionabais,"(99, 111, 110, 100, 105, 99, 105, 111, 110, 97, 98, 97, 105, 115, 0, 0, 0, 0, 0, 0)",1,Spanish,2.15505,1.15505
Aufbaulager,"(65, 117, 102, 98, 97, 117, 108, 97, 103, 101, 114, 0, 0, 0, 0, 0, 0, 0, 0, 0)",4,German,2.15505,-1.84495
gemas,"(103, 101, 109, 97, 115, 0, 0, 0, 0, 0, 0, 0, 0, 0, 0, 0, 0, 0, 0, 0)",1,Spanish,1.62269,0.62269
juramentarais,"(106, 117, 114, 97, 109, 101, 110, 116, 97, 114, 97, 105, 115, 0, 0, 0, 0, 0, 0, 0)",1,Spanish,2.15505,1.15505
yaced,"(121, 97, 99, 101, 100, 0, 0, 0, 0, 0, 0, 0, 0, 0, 0, 0, 0, 0, 0, 0)",1,Spanish,1.62269,0.62269
Gewindeschneidkopf,"(71, 101, 119, 105, 110, 100, 101, 115, 99, 104, 110, 101, 105, 100, 107, 111, 112, 102, 0, 0)",4,German,2.15505,-1.84495
conmocionaste,"(99, 111, 110, 109, 111, 99, 105, 111, 110, 97, 115, 116, 101, 0, 0, 0, 0, 0, 0, 0)",1,Spanish,2.15505,1.15505
herangehend,"(104, 101, 114, 97, 110, 103, 101, 104, 101, 110, 100, 0, 0, 0, 0, 0, 0, 0, 0, 0)",4,German,2.15505,-1.84495
Kunstprofessur,"(75, 117, 110, 115, 116, 112, 114, 111, 102, 101, 115, 115, 117, 114, 0, 0, 0, 0, 0, 0)",4,German,2.15505,-1.84495
bisecaré,"(98, 105, 115, 101, 99, 97, 114, 233, 0, 0, 0, 0, 0, 0, 0, 0, 0, 0, 0, 0)",1,Spanish,2.15505,1.15505
su,"(115, 117, 0, 0, 0, 0, 0, 0, 0, 0, 0, 0, 0, 0, 0, 0, 0, 0, 0, 0)",1,Spanish,0.67126,-0.32874
Mitteleingang,"(77, 105, 116, 116, 101, 108, 101, 105, 110, 103, 97, 110, 103, 0, 0, 0, 0, 0, 0, 0)",4,German,2.15505,-1.84495
abgegossene,"(97, 98, 103, 101, 103, 111, 115, 115, 101, 110, 101, 0, 0, 0, 0, 0, 0, 0, 0, 0)",4,German,2.15505,-1.84495
vitoreáramos,"(118, 105, 116, 111, 114, 101, 225, 114, 97, 109, 111, 115, 0, 0, 0, 0, 0, 0, 0, 0)",1,Spanish,2.15505,1.15505
peraltarais,"(112, 101, 114, 97, 108, 116, 97, 114, 97, 105, 115, 0, 0, 0, 0, 0, 0, 0, 0, 0)",1,Spanish,2.15505,1.15505
inundaciones,"(105, 110, 117, 110, 100, 97, 99, 105, 111, 110, 101, 115, 0, 0, 0, 0, 0, 0, 0, 0)",1,Spanish,2.15505,1.15505
doppelsinniger,"(100, 111, 112, 112, 101, 108, 115, 105, 110, 110, 105, 103, 101, 114, 0, 0, 0, 0, 0, 0)",4,German,2.15505,-1.84495
pellizcaron,"(112, 101, 108, 108, 105, 122, 99, 97, 114, 111, 110, 0, 0, 0, 0, 0, 0, 0, 0, 0)",1,Spanish,2.15505,1.15505
feroz,"(102, 101, 114, 111, 122, 0, 0, 0, 0, 0, 0, 0, 0, 0, 0, 0, 0, 0, 0, 0)",1,Spanish,1.62269,0.62269
carterista,"(99, 97, 114, 116, 101, 114, 105, 115, 116, 97, 0, 0, 0, 0, 0, 0, 0, 0, 0, 0)",1,Spanish,2.15505,1.15505
Radioastronom,"(82, 97, 100, 105, 111, 97, 115, 116, 114, 111, 110, 111, 109, 0, 0, 0, 0, 0, 0, 0)",4,German,2.15505,-1.84495
Schnellballes,"(83, 99, 104, 110, 101, 108, 108, 98, 97, 108, 108, 101, 115, 0, 0, 0, 0, 0, 0, 0)",4,German,2.15505,-1.84495
Fernstraßenroute,"(70, 101, 114, 110, 115, 116, 114, 97, 223, 101, 110, 114, 111, 117, 116, 101, 0, 0, 0, 0)",4,German,2.15505,-1.84495
Programmlader,"(80, 114, 111, 103, 114, 97, 109, 109, 108, 97, 100, 101, 114, 0, 0, 0, 0, 0, 0, 0)",4,German,2.15505,-1.84495
Nennformulars,"(78, 101, 110, 110, 102, 111, 114, 109, 117, 108, 97, 114, 115, 0, 0, 0, 0, 0, 0, 0)",4,German,2.15505,-1.84495
Nummernteile,"(78, 117, 109, 109, 101, 114, 110, 116, 101, 105, 108, 101, 0, 0, 0, 0, 0, 0, 0, 0)",4,German,2.15505,-1.84495
Unterentwicklungen,"(85, 110, 116, 101, 114, 101, 110, 116, 119, 105, 99, 107, 108, 117, 110, 103, 101, 110, 0, 0)",4,German,2.15505,-1.84495
sandte,"(115, 97, 110, 100, 116, 101, 0, 0, 0, 0, 0, 0, 0, 0, 0, 0, 0, 0, 0, 0)",4,German,2.15505,-1.84495
predigas,"(112, 114, 101, 100, 105, 103, 97, 115, 0, 0, 0, 0, 0, 0, 0, 0, 0, 0, 0, 0)",1,Spanish,2.15505,1.15505
polizones,"(112, 111, 108, 105, 122, 111, 110, 101, 115, 0, 0, 0, 0, 0, 0, 0, 0, 0, 0, 0)",1,Spanish,2.15505,1.15505
tn,"(116, 110, 0, 0, 0, 0, 0, 0, 0, 0, 0, 0, 0, 0, 0, 0, 0, 0, 0, 0)",1,Spanish,0.67126,-0.32874
reportación,"(114, 101, 112, 111, 114, 116, 97, 99, 105, 243, 110, 0, 0, 0, 0, 0, 0, 0, 0, 0)",1,Spanish,2.15505,1.15505
Mittelterm,"(77, 105, 116, 116, 101, 108, 116, 101, 114, 109, 0, 0, 0, 0, 0, 0, 0, 0, 0, 0)",4,German,2.15505,-1.84495
Näpfchenstein,"(78, 228, 112, 102, 99, 104, 101, 110, 115, 116, 101, 105, 110, 0, 0, 0, 0, 0, 0, 0)",4,German,2.15505,-1.84495
Direktreduktion,"(68, 105, 114, 101, 107, 116, 114, 101, 100, 117, 107, 116, 105, 111, 110, 0, 0, 0, 0, 0)",4,German,2.15505,-1.84495
incomodaréis,"(105, 110, 99, 111, 109, 111, 100, 97, 114, 233, 105, 115, 0, 0, 0, 0, 0, 0, 0, 0)",1,Spanish,2.15505,1.15505
Messeplakate,"(77, 101, 115, 115, 101, 112, 108, 97, 107, 97, 116, 101, 0, 0, 0, 0, 0, 0, 0, 0)",4,German,2.15505,-1.84495
strubbelig,"(115, 116, 114, 117, 98, 98, 101, 108, 105, 103, 0, 0, 0, 0, 0, 0, 0, 0, 0, 0)",4,German,2.15505,-1.84495
abismática,"(97, 98, 105, 115, 109, 225, 116, 105, 99, 97, 0, 0, 0, 0, 0, 0, 0, 0, 0, 0)",1,Spanish,2.15505,1.15505
Schlittschuhfahrer,"(83, 99, 104, 108, 105, 116, 116, 115, 99, 104, 117, 104, 102, 97, 104, 114, 101, 114, 0, 0)",4,German,2.15505,-1.84495
equiparasteis,"(101, 113, 117, 105, 112, 97, 114, 97, 115, 116, 101, 105, 115, 0, 0, 0, 0, 0, 0, 0)",1,Spanish,2.15505,1.15505
editáis,"(101, 100, 105, 116, 225, 105, 115, 0, 0, 0, 0, 0, 0, 0, 0, 0, 0, 0, 0, 0)",1,Spanish,2.15505,1.15505
discontinuarían,"(100, 105, 115, 99, 111, 110, 116, 105, 110, 117, 97, 114, 237, 97, 110, 0, 0, 0, 0, 0)",1,Spanish,2.15505,1.15505
Löschtöpfchen,"(76, 246, 115, 99, 104, 116, 246, 112, 102, 99, 104, 101, 110, 0, 0, 0, 0, 0, 0, 0)",4,German,2.15505,-1.84495
desembraguémosnos,"(100, 101, 115, 101, 109, 98, 114, 97, 103, 117, 233, 109, 111, 115, 110, 111, 115, 0, 0, 0)",1,Spanish,2.15505,1.15505
infidentes,"(105, 110, 102, 105, 100, 101, 110, 116, 101, 115, 0, 0, 0, 0, 0, 0, 0, 0, 0, 0)",1,Spanish,2.15505,1.15505
delación,"(100, 101, 108, 97, 99, 105, 243, 110, 0, 0, 0, 0, 0, 0, 0, 0, 0, 0, 0, 0)",1,Spanish,2.15505,1.15505
patrocináis,"(112, 97, 116, 114, 111, 99, 105, 110, 225, 105, 115, 0, 0, 0, 0, 0, 0, 0, 0, 0)",1,Spanish,2.15505,1.15505
Preisgeldsumme,"(80, 114, 101, 105, 115, 103, 101, 108, 100, 115, 117, 109, 109, 101, 0, 0, 0, 0, 0, 0)",4,German,2.15505,-1.84495
gargajeabais,"(103, 97, 114, 103, 97, 106, 101, 97, 98, 97, 105, 115, 0, 0, 0, 0, 0, 0, 0, 0)",1,Spanish,2.15505,1.15505
Verschlimmerung,"(86, 101, 114, 115, 99, 104, 108, 105, 109, 109, 101, 114, 117, 110, 103, 0, 0, 0, 0, 0)",4,German,2.15505,-1.84495
Kupfermodelle,"(75, 117, 112, 102, 101, 114, 109, 111, 100, 101, 108, 108, 101, 0, 0, 0, 0, 0, 0, 0)",4,German,2.15505,-1.84495
extremaremos,"(101, 120, 116, 114, 101, 109, 97, 114, 101, 109, 111, 115, 0, 0, 0, 0, 0, 0, 0, 0)",1,Spanish,2.15505,1.15505
glucosas,"(103, 108, 117, 99, 111, 115, 97, 115, 0, 0, 0, 0, 0, 0, 0, 0, 0, 0, 0, 0)",1,Spanish,2.15505,1.15505
tabaquerías,"(116, 97, 98, 97, 113, 117, 101, 114, 237, 97, 115, 0, 0, 0, 0, 0, 0, 0, 0, 0)",1,Spanish,2.15505,1.15505
Theodizee,"(84, 104, 101, 111, 100, 105, 122, 101, 101, 0, 0, 0, 0, 0, 0, 0, 0, 0, 0, 0)",4,German,2.15505,-1.84495
rebujaras,"(114, 101, 98, 117, 106, 97, 114, 97, 115, 0, 0, 0, 0, 0, 0, 0, 0, 0, 0, 0)",1,Spanish,2.15505,1.15505
acogolles,"(97, 99, 111, 103, 111, 108, 108, 101, 115, 0, 0, 0, 0, 0, 0, 0, 0, 0, 0, 0)",1,Spanish,2.15505,1.15505
incentivasteis,"(105, 110, 99, 101, 110, 116, 105, 118, 97, 115, 116, 101, 105, 115, 0, 0, 0, 0, 0, 0)",1,Spanish,2.15505,1.15505
Gesangstexte,"(71, 101, 115, 97, 110, 103, 115, 116, 101, 120, 116, 101, 0, 0, 0, 0, 0, 0, 0, 0)",4,German,2.15505,-1.84495
Familienwappens,"(70, 97, 109, 105, 108, 105, 101, 110, 119, 97, 112, 112, 101, 110, 115, 0, 0, 0, 0, 0)",4,German,2.15505,-1.84495
Vokalpartitur,"(86, 111, 107, 97, 108, 112, 97, 114, 116, 105, 116, 117, 114, 0, 0, 0, 0, 0, 0, 0)",4,German,2.15505,-1.84495
cuadráticos,"(99, 117, 97, 100, 114, 225, 116, 105, 99, 111, 115, 0, 0, 0, 0, 0, 0, 0, 0, 0)",1,Spanish,2.15505,1.15505
mitverfolgtem,"(109, 105, 116, 118, 101, 114, 102, 111, 108, 103, 116, 101, 109, 0, 0, 0, 0, 0, 0, 0)",4,German,2.15505,-1.84495
sugestionaremos,"(115, 117, 103, 101, 115, 116, 105, 111, 110, 97, 114, 101, 109, 111, 115, 0, 0, 0, 0, 0)",1,Spanish,2.15505,1.15505
Konkurrenzprodukts,"(75, 111, 110, 107, 117, 114, 114, 101, 110, 122, 112, 114, 111, 100, 117, 107, 116, 115, 0, 0)",4,German,2.15505,-1.84495
caminábamos,"(99, 97, 109, 105, 110, 225, 98, 97, 109, 111, 115, 0, 0, 0, 0, 0, 0, 0, 0, 0)",1,Spanish,2.15505,1.15505
bracearé,"(98, 114, 97, 99, 101, 97, 114, 233, 0, 0, 0, 0, 0, 0, 0, 0, 0, 0, 0, 0)",1,Spanish,2.15505,1.15505
agruparé,"(97, 103, 114, 117, 112, 97, 114, 233, 0, 0, 0, 0, 0, 0, 0, 0, 0, 0, 0, 0)",1,Spanish,2.15505,1.15505
Südempore,"(83, 252, 100, 101, 109, 112, 111, 114, 101, 0, 0, 0, 0, 0, 0, 0, 0, 0, 0, 0)",4,German,2.15505,-1.84495
Ankunftsort,"(65, 110, 107, 117, 110, 102, 116, 115, 111, 114, 116, 0, 0, 0, 0, 0, 0, 0, 0, 0)",4,German,2.15505,-1.84495
percátados,"(112, 101, 114, 99, 225, 116, 97, 100, 111, 115, 0, 0, 0, 0, 0, 0, 0, 0, 0, 0)",1,Spanish,2.15505,1.15505
Nettoauszahlung,"(78, 101, 116, 116, 111, 97, 117, 115, 122, 97, 104, 108, 117, 110, 103, 0, 0, 0, 0, 0)",4,German,2.15505,-1.84495
pisadas,"(112, 105, 115, 97, 100, 97, 115, 0, 0, 0, 0, 0, 0, 0, 0, 0, 0, 0, 0, 0)",1,Spanish,2.15505,1.15505
Triebverzicht,"(84, 114, 105, 101, 98, 118, 101, 114, 122, 105, 99, 104, 116, 0, 0, 0, 0, 0, 0, 0)",4,German,2.15505,-1.84495
confutaríamos,"(99, 111, 110, 102, 117, 116, 97, 114, 237, 97, 109, 111, 115, 0, 0, 0, 0, 0, 0, 0)",1,Spanish,2.15505,1.15505
Rahmengewicht,"(82, 97, 104, 109, 101, 110, 103, 101, 119, 105, 99, 104, 116, 0, 0, 0, 0, 0, 0, 0)",4,German,2.15505,-1.84495
confuso,"(99, 111, 110, 102, 117, 115, 111, 0, 0, 0, 0, 0, 0, 0, 0, 0, 0, 0, 0, 0)",1,Spanish,2.15505,1.15505
Buscherdhackern,"(66, 117, 115, 99, 104, 101, 114, 100, 104, 97, 99, 107, 101, 114, 110, 0, 0, 0, 0, 0)",4,German,2.15505,-1.84495
altímetro,"(97, 108, 116, 237, 109, 101, 116, 114, 111, 0, 0, 0, 0, 0, 0, 0, 0, 0, 0, 0)",1,Spanish,2.15505,1.15505
neunarmiger,"(110, 101, 117, 110, 97, 114, 109, 105, 103, 101, 114, 0, 0, 0, 0, 0, 0, 0, 0, 0)",4,German,2.15505,-1.84495
dispuse,"(100, 105, 115, 112, 117, 115, 101, 0, 0, 0, 0, 0, 0, 0, 0, 0, 0, 0, 0, 0)",1,Spanish,2.15505,1.15505
corvabais,"(99, 111, 114, 118, 97, 98, 97, 105, 115, 0, 0, 0, 0, 0, 0, 0, 0, 0, 0, 0)",1,Spanish,2.15505,1.15505
Mantelschraube,"(77, 97, 110, 116, 101, 108, 115, 99, 104, 114, 97, 117, 98, 101, 0, 0, 0, 0, 0, 0)",4,German,2.15505,-1.84495
Rotfichte,"(82, 111, 116, 102, 105, 99, 104, 116, 101, 0, 0, 0, 0, 0, 0, 0, 0, 0, 0, 0)",4,German,2.15505,-1.84495
justipreciarais,"(106, 117, 115, 116, 105, 112, 114, 101, 99, 105, 97, 114, 97, 105, 115, 0, 0, 0, 0, 0)",1,Spanish,2.15505,1.15505
muralla,"(109, 117, 114, 97, 108, 108, 97, 0, 0, 0, 0, 0, 0, 0, 0, 0, 0, 0, 0, 0)",1,Spanish,2.15505,1.15505
Kühlkörper,"(75, 252, 104, 108, 107, 246, 114, 112, 101, 114, 0, 0, 0, 0, 0, 0, 0, 0, 0, 0)",4,German,2.15505,-1.84495
reclinada,"(114, 101, 99, 108, 105, 110, 97, 100, 97, 0, 0, 0, 0, 0, 0, 0, 0, 0, 0, 0)",1,Spanish,2.15505,1.15505
Blutdruckspitze,"(66, 108, 117, 116, 100, 114, 117, 99, 107, 115, 112, 105, 116, 122, 101, 0, 0, 0, 0, 0)",4,German,2.15505,-1.84495
Hibernien,"(72, 105, 98, 101, 114, 110, 105, 101, 110, 0, 0, 0, 0, 0, 0, 0, 0, 0, 0, 0)",4,German,2.15505,-1.84495
Möbelfirma,"(77, 246, 98, 101, 108, 102, 105, 114, 109, 97, 0, 0, 0, 0, 0, 0, 0, 0, 0, 0)",4,German,2.15505,-1.84495
Burgholzhausens,"(66, 117, 114, 103, 104, 111, 108, 122, 104, 97, 117, 115, 101, 110, 115, 0, 0, 0, 0, 0)",4,German,2.15505,-1.84495
moleste,"(109, 111, 108, 101, 115, 116, 101, 0, 0, 0, 0, 0, 0, 0, 0, 0, 0, 0, 0, 0)",1,Spanish,2.15505,1.15505
maraville,"(109, 97, 114, 97, 118, 105, 108, 108, 101, 0, 0, 0, 0, 0, 0, 0, 0, 0, 0, 0)",1,Spanish,2.15505,1.15505
heranschleicht,"(104, 101, 114, 97, 110, 115, 99, 104, 108, 101, 105, 99, 104, 116, 0, 0, 0, 0, 0, 0)",4,German,2.15505,-1.84495
desconocedoras,"(100, 101, 115, 99, 111, 110, 111, 99, 101, 100, 111, 114, 97, 115, 0, 0, 0, 0, 0, 0)",1,Spanish,2.15505,1.15505
aviaban,"(97, 118, 105, 97, 98, 97, 110, 0, 0, 0, 0, 0, 0, 0, 0, 0, 0, 0, 0, 0)",1,Spanish,2.15505,1.15505
inobservable,"(105, 110, 111, 98, 115, 101, 114, 118, 97, 98, 108, 101, 0, 0, 0, 0, 0, 0, 0, 0)",1,Spanish,2.15505,1.15505
inapreciabilidades,"(105, 110, 97, 112, 114, 101, 99, 105, 97, 98, 105, 108, 105, 100, 97, 100, 101, 115, 0, 0)",1,Spanish,2.15505,1.15505
anisaríamos,"(97, 110, 105, 115, 97, 114, 237, 97, 109, 111, 115, 0, 0, 0, 0, 0, 0, 0, 0, 0)",1,Spanish,2.15505,1.15505
refugiáis,"(114, 101, 102, 117, 103, 105, 225, 105, 115, 0, 0, 0, 0, 0, 0, 0, 0, 0, 0, 0)",1,Spanish,2.15505,1.15505
Amateurkapellen,"(65, 109, 97, 116, 101, 117, 114, 107, 97, 112, 101, 108, 108, 101, 110, 0, 0, 0, 0, 0)",4,German,2.15505,-1.84495
abochornara,"(97, 98, 111, 99, 104, 111, 114, 110, 97, 114, 97, 0, 0, 0, 0, 0, 0, 0, 0, 0)",1,Spanish,2.15505,1.15505
injerirás,"(105, 110, 106, 101, 114, 105, 114, 225, 115, 0, 0, 0, 0, 0, 0, 0, 0, 0, 0, 0)",1,Spanish,2.15505,1.15505
paralizará,"(112, 97, 114, 97, 108, 105, 122, 97, 114, 225, 0, 0, 0, 0, 0, 0, 0, 0, 0, 0)",1,Spanish,2.15505,1.15505
acojinará,"(97, 99, 111, 106, 105, 110, 97, 114, 225, 0, 0, 0, 0, 0, 0, 0, 0, 0, 0, 0)",1,Spanish,2.15505,1.15505
kompensierst,"(107, 111, 109, 112, 101, 110, 115, 105, 101, 114, 115, 116, 0, 0, 0, 0, 0, 0, 0, 0)",4,German,2.15505,-1.84495
hipocondríacos,"(104, 105, 112, 111, 99, 111, 110, 100, 114, 237, 97, 99, 111, 115, 0, 0, 0, 0, 0, 0)",1,Spanish,2.15505,1.15505
Kohleleistungen,"(75, 111, 104, 108, 101, 108, 101, 105, 115, 116, 117, 110, 103, 101, 110, 0, 0, 0, 0, 0)",4,German,2.15505,-1.84495
Gewebeherkunft,"(71, 101, 119, 101, 98, 101, 104, 101, 114, 107, 117, 110, 102, 116, 0, 0, 0, 0, 0, 0)",4,German,2.15505,-1.84495
hollejos,"(104, 111, 108, 108, 101, 106, 111, 115, 0, 0, 0, 0, 0, 0, 0, 0, 0, 0, 0, 0)",1,Spanish,2.15505,1.15505
aquejaron,"(97, 113, 117, 101, 106, 97, 114, 111, 110, 0, 0, 0, 0, 0, 0, 0, 0, 0, 0, 0)",1,Spanish,2.15505,1.15505
rutilamos,"(114, 117, 116, 105, 108, 97, 109, 111, 115, 0, 0, 0, 0, 0, 0, 0, 0, 0, 0, 0)",1,Spanish,2.15505,1.15505
ilustrada,"(105, 108, 117, 115, 116, 114, 97, 100, 97, 0, 0, 0, 0, 0, 0, 0, 0, 0, 0, 0)",1,Spanish,2.15505,1.15505
überbetontest,"(252, 98, 101, 114, 98, 101, 116, 111, 110, 116, 101, 115, 116, 0, 0, 0, 0, 0, 0, 0)",4,German,2.15505,-1.84495
destacamos,"(100, 101, 115, 116, 97, 99, 97, 109, 111, 115, 0, 0, 0, 0, 0, 0, 0, 0, 0, 0)",1,Spanish,2.15505,1.15505
Stiftzähne,"(83, 116, 105, 102, 116, 122, 228, 104, 110, 101, 0, 0, 0, 0, 0, 0, 0, 0, 0, 0)",4,German,2.15505,-1.84495
surgí,"(115, 117, 114, 103, 237, 0, 0, 0, 0, 0, 0, 0, 0, 0, 0, 0, 0, 0, 0, 0)",1,Spanish,0.74204,-0.25796
Lenkungsgremium,"(76, 101, 110, 107, 117, 110, 103, 115, 103, 114, 101, 109, 105, 117, 109, 0, 0, 0, 0, 0)",4,German,2.15505,-1.84495
Spionagefilmchens,"(83, 112, 105, 111, 110, 97, 103, 101, 102, 105, 108, 109, 99, 104, 101, 110, 115, 0, 0, 0)",4,German,2.15505,-1.84495
trinkfesterer,"(116, 114, 105, 110, 107, 102, 101, 115, 116, 101, 114, 101, 114, 0, 0, 0, 0, 0, 0, 0)",4,German,2.15505,-1.84495
Zeitzyklus,"(90, 101, 105, 116, 122, 121, 107, 108, 117, 115, 0, 0, 0, 0, 0, 0, 0, 0, 0, 0)",4,German,2.15505,-1.84495
despotricaran,"(100, 101, 115, 112, 111, 116, 114, 105, 99, 97, 114, 97, 110, 0, 0, 0, 0, 0, 0, 0)",1,Spanish,2.15505,1.15505
Orakels,"(79, 114, 97, 107, 101, 108, 115, 0, 0, 0, 0, 0, 0, 0, 0, 0, 0, 0, 0, 0)",4,German,2.15505,-1.84495
dramatizaras,"(100, 114, 97, 109, 97, 116, 105, 122, 97, 114, 97, 115, 0, 0, 0, 0, 0, 0, 0, 0)",1,Spanish,2.15505,1.15505
ahumaba,"(97, 104, 117, 109, 97, 98, 97, 0, 0, 0, 0, 0, 0, 0, 0, 0, 0, 0, 0, 0)",1,Spanish,2.15505,1.15505
quebrantarían,"(113, 117, 101, 98, 114, 97, 110, 116, 97, 114, 237, 97, 110, 0, 0, 0, 0, 0, 0, 0)",1,Spanish,2.15505,1.15505
Nachtsehens,"(78, 97, 99, 104, 116, 115, 101, 104, 101, 110, 115, 0, 0, 0, 0, 0, 0, 0, 0, 0)",4,German,2.15505,-1.84495
difieran,"(100, 105, 102, 105, 101, 114, 97, 110, 0, 0, 0, 0, 0, 0, 0, 0, 0, 0, 0, 0)",1,Spanish,2.15505,1.15505
Mauerseglern,"(77, 97, 117, 101, 114, 115, 101, 103, 108, 101, 114, 110, 0, 0, 0, 0, 0, 0, 0, 0)",4,German,2.15505,-1.84495
Bevorteilens,"(66, 101, 118, 111, 114, 116, 101, 105, 108, 101, 110, 115, 0, 0, 0, 0, 0, 0, 0, 0)",4,German,2.15505,-1.84495
entremetes,"(101, 110, 116, 114, 101, 109, 101, 116, 101, 115, 0, 0, 0, 0, 0, 0, 0, 0, 0, 0)",1,Spanish,2.15505,1.15505
resümierte,"(114, 101, 115, 252, 109, 105, 101, 114, 116, 101, 0, 0, 0, 0, 0, 0, 0, 0, 0, 0)",4,German,2.15505,-1.84495
enseñorearían,"(101, 110, 115, 101, 241, 111, 114, 101, 97, 114, 237, 97, 110, 0, 0, 0, 0, 0, 0, 0)",1,Spanish,2.15505,1.15505
Mittelgruppen,"(77, 105, 116, 116, 101, 108, 103, 114, 117, 112, 112, 101, 110, 0, 0, 0, 0, 0, 0, 0)",4,German,2.15505,-1.84495
mezquitas,"(109, 101, 122, 113, 117, 105, 116, 97, 115, 0, 0, 0, 0, 0, 0, 0, 0, 0, 0, 0)",1,Spanish,2.15505,1.15505
Sprungschnitt,"(83, 112, 114, 117, 110, 103, 115, 99, 104, 110, 105, 116, 116, 0, 0, 0, 0, 0, 0, 0)",4,German,2.15505,-1.84495
resbalemos,"(114, 101, 115, 98, 97, 108, 101, 109, 111, 115, 0, 0, 0, 0, 0, 0, 0, 0, 0, 0)",1,Spanish,2.15505,1.15505
descorrierais,"(100, 101, 115, 99, 111, 114, 114, 105, 101, 114, 97, 105, 115, 0, 0, 0, 0, 0, 0, 0)",1,Spanish,2.15505,1.15505
ungebräuchlich,"(117, 110, 103, 101, 98, 114, 228, 117, 99, 104, 108, 105, 99, 104, 0, 0, 0, 0, 0, 0)",4,German,2.15505,-1.84495
Bauchmuskelrisse,"(66, 97, 117, 99, 104, 109, 117, 115, 107, 101, 108, 114, 105, 115, 115, 101, 0, 0, 0, 0)",4,German,2.15505,-1.84495
kulturphilosophische,"(107, 117, 108, 116, 117, 114, 112, 104, 105, 108, 111, 115, 111, 112, 104, 105, 115, 99, 104, 101)",4,German,2.15505,-1.84495
hincáramos,"(104, 105, 110, 99, 225, 114, 97, 109, 111, 115, 0, 0, 0, 0, 0, 0, 0, 0, 0, 0)",1,Spanish,2.15505,1.15505
inspeccionarán,"(105, 110, 115, 112, 101, 99, 99, 105, 111, 110, 97, 114, 225, 110, 0, 0, 0, 0, 0, 0)",1,Spanish,2.15505,1.15505
Wehrlager,"(87, 101, 104, 114, 108, 97, 103, 101, 114, 0, 0, 0, 0, 0, 0, 0, 0, 0, 0, 0)",4,German,2.15505,-1.84495
Erhaltung,"(69, 114, 104, 97, 108, 116, 117, 110, 103, 0, 0, 0, 0, 0, 0, 0, 0, 0, 0, 0)",4,German,2.15505,-1.84495
gepfählte,"(103, 101, 112, 102, 228, 104, 108, 116, 101, 0, 0, 0, 0, 0, 0, 0, 0, 0, 0, 0)",4,German,2.15505,-1.84495
pulverizaríais,"(112, 117, 108, 118, 101, 114, 105, 122, 97, 114, 237, 97, 105, 115, 0, 0, 0, 0, 0, 0)",1,Spanish,2.15505,1.15505
hinstreut,"(104, 105, 110, 115, 116, 114, 101, 117, 116, 0, 0, 0, 0, 0, 0, 0, 0, 0, 0, 0)",4,German,2.15505,-1.84495
depravaba,"(100, 101, 112, 114, 97, 118, 97, 98, 97, 0, 0, 0, 0, 0, 0, 0, 0, 0, 0, 0)",1,Spanish,2.15505,1.15505
agrietaras,"(97, 103, 114, 105, 101, 116, 97, 114, 97, 115, 0, 0, 0, 0, 0, 0, 0, 0, 0, 0)",1,Spanish,2.15505,1.15505
Hörwitze,"(72, 246, 114, 119, 105, 116, 122, 101, 0, 0, 0, 0, 0, 0, 0, 0, 0, 0, 0, 0)",4,German,2.15505,-1.84495
remoliné,"(114, 101, 109, 111, 108, 105, 110, 233, 0, 0, 0, 0, 0, 0, 0, 0, 0, 0, 0, 0)",1,Spanish,2.15505,1.15505
inventaron,"(105, 110, 118, 101, 110, 116, 97, 114, 111, 110, 0, 0, 0, 0, 0, 0, 0, 0, 0, 0)",1,Spanish,2.15505,1.15505
konserviertes,"(107, 111, 110, 115, 101, 114, 118, 105, 101, 114, 116, 101, 115, 0, 0, 0, 0, 0, 0, 0)",4,German,2.15505,-1.84495
mullera,"(109, 117, 108, 108, 101, 114, 97, 0, 0, 0, 0, 0, 0, 0, 0, 0, 0, 0, 0, 0)",1,Spanish,2.15505,1.15505
Maisprungs,"(77, 97, 105, 115, 112, 114, 117, 110, 103, 115, 0, 0, 0, 0, 0, 0, 0, 0, 0, 0)",4,German,2.15505,-1.84495
Begleitbesetzungen,"(66, 101, 103, 108, 101, 105, 116, 98, 101, 115, 101, 116, 122, 117, 110, 103, 101, 110, 0, 0)",4,German,2.15505,-1.84495
Dresses,"(68, 114, 101, 115, 115, 101, 115, 0, 0, 0, 0, 0, 0, 0, 0, 0, 0, 0, 0, 0)",4,German,2.15505,-1.84495
Segmenttechnik,"(83, 101, 103, 109, 101, 110, 116, 116, 101, 99, 104, 110, 105, 107, 0, 0, 0, 0, 0, 0)",4,German,2.15505,-1.84495
truhanerías,"(116, 114, 117, 104, 97, 110, 101, 114, 237, 97, 115, 0, 0, 0, 0, 0, 0, 0, 0, 0)",1,Spanish,2.15505,1.15505
general,"(103, 101, 110, 101, 114, 97, 108, 0, 0, 0, 0, 0, 0, 0, 0, 0, 0, 0, 0, 0)",1,Spanish,2.15505,1.15505
Hartplastikbechers,"(72, 97, 114, 116, 112, 108, 97, 115, 116, 105, 107, 98, 101, 99, 104, 101, 114, 115, 0, 0)",4,German,2.15505,-1.84495
Amplitudenmuster,"(65, 109, 112, 108, 105, 116, 117, 100, 101, 110, 109, 117, 115, 116, 101, 114, 0, 0, 0, 0)",4,German,2.15505,-1.84495
Holzlage,"(72, 111, 108, 122, 108, 97, 103, 101, 0, 0, 0, 0, 0, 0, 0, 0, 0, 0, 0, 0)",4,German,2.15505,-1.84495
psicodélica,"(112, 115, 105, 99, 111, 100, 233, 108, 105, 99, 97, 0, 0, 0, 0, 0, 0, 0, 0, 0)",1,Spanish,2.15505,1.15505
Einzelprokurist,"(69, 105, 110, 122, 101, 108, 112, 114, 111, 107, 117, 114, 105, 115, 116, 0, 0, 0, 0, 0)",4,German,2.15505,-1.84495
Kinderbuchprogramme,"(75, 105, 110, 100, 101, 114, 98, 117, 99, 104, 112, 114, 111, 103, 114, 97, 109, 109, 101, 0)",4,German,2.15505,-1.84495
Juristendeutsch,"(74, 117, 114, 105, 115, 116, 101, 110, 100, 101, 117, 116, 115, 99, 104, 0, 0, 0, 0, 0)",4,German,2.15505,-1.84495
Friauls,"(70, 114, 105, 97, 117, 108, 115, 0, 0, 0, 0, 0, 0, 0, 0, 0, 0, 0, 0, 0)",4,German,2.15505,-1.84495
Beschaffungsstellen,"(66, 101, 115, 99, 104, 97, 102, 102, 117, 110, 103, 115, 115, 116, 101, 108, 108, 101, 110, 0)",4,German,2.15505,-1.84495
currando,"(99, 117, 114, 114, 97, 110, 100, 111, 0, 0, 0, 0, 0, 0, 0, 0, 0, 0, 0, 0)",1,Spanish,2.15505,1.15505
Antriebslöchern,"(65, 110, 116, 114, 105, 101, 98, 115, 108, 246, 99, 104, 101, 114, 110, 0, 0, 0, 0, 0)",4,German,2.15505,-1.84495
südwestbritischem,"(115, 252, 100, 119, 101, 115, 116, 98, 114, 105, 116, 105, 115, 99, 104, 101, 109, 0, 0, 0)",4,German,2.15505,-1.84495
indujerais,"(105, 110, 100, 117, 106, 101, 114, 97, 105, 115, 0, 0, 0, 0, 0, 0, 0, 0, 0, 0)",1,Spanish,2.15505,1.15505
glorías,"(103, 108, 111, 114, 237, 97, 115, 0, 0, 0, 0, 0, 0, 0, 0, 0, 0, 0, 0, 0)",1,Spanish,2.15505,1.15505
repugnad,"(114, 101, 112, 117, 103, 110, 97, 100, 0, 0, 0, 0, 0, 0, 0, 0, 0, 0, 0, 0)",1,Spanish,2.15505,1.15505
amartilláis,"(97, 109, 97, 114, 116, 105, 108, 108, 225, 105, 115, 0, 0, 0, 0, 0, 0, 0, 0, 0)",1,Spanish,2.15505,1.15505
coserán,"(99, 111, 115, 101, 114, 225, 110, 0, 0, 0, 0, 0, 0, 0, 0, 0, 0, 0, 0, 0)",1,Spanish,2.15505,1.15505
requebrabas,"(114, 101, 113, 117, 101, 98, 114, 97, 98, 97, 115, 0, 0, 0, 0, 0, 0, 0, 0, 0)",1,Spanish,2.15505,1.15505
devinieron,"(100, 101, 118, 105, 110, 105, 101, 114, 111, 110, 0, 0, 0, 0, 0, 0, 0, 0, 0, 0)",1,Spanish,2.15505,1.15505
oscilemos,"(111, 115, 99, 105, 108, 101, 109, 111, 115, 0, 0, 0, 0, 0, 0, 0, 0, 0, 0, 0)",1,Spanish,2.15505,1.15505
Bunkerschiffe,"(66, 117, 110, 107, 101, 114, 115, 99, 104, 105, 102, 102, 101, 0, 0, 0, 0, 0, 0, 0)",4,German,2.15505,-1.84495
enflaqueced,"(101, 110, 102, 108, 97, 113, 117, 101, 99, 101, 100, 0, 0, 0, 0, 0, 0, 0, 0, 0)",1,Spanish,2.15505,1.15505
Duettgesang,"(68, 117, 101, 116, 116, 103, 101, 115, 97, 110, 103, 0, 0, 0, 0, 0, 0, 0, 0, 0)",4,German,2.15505,-1.84495
unbestrittenen,"(117, 110, 98, 101, 115, 116, 114, 105, 116, 116, 101, 110, 101, 110, 0, 0, 0, 0, 0, 0)",4,German,2.15505,-1.84495
Filmauftrags,"(70, 105, 108, 109, 97, 117, 102, 116, 114, 97, 103, 115, 0, 0, 0, 0, 0, 0, 0, 0)",4,German,2.15505,-1.84495
Schrottprojekts,"(83, 99, 104, 114, 111, 116, 116, 112, 114, 111, 106, 101, 107, 116, 115, 0, 0, 0, 0, 0)",4,German,2.15505,-1.84495
explantiertest,"(101, 120, 112, 108, 97, 110, 116, 105, 101, 114, 116, 101, 115, 116, 0, 0, 0, 0, 0, 0)",4,German,2.15505,-1.84495
corruptores,"(99, 111, 114, 114, 117, 112, 116, 111, 114, 101, 115, 0, 0, 0, 0, 0, 0, 0, 0, 0)",1,Spanish,2.15505,1.15505
málicas,"(109, 225, 108, 105, 99, 97, 115, 0, 0, 0, 0, 0, 0, 0, 0, 0, 0, 0, 0, 0)",1,Spanish,2.28989,1.28989
Landesszentrale,"(76, 97, 110, 100, 101, 115, 115, 122, 101, 110, 116, 114, 97, 108, 101, 0, 0, 0, 0, 0)",4,German,2.15505,-1.84495
agrandaría,"(97, 103, 114, 97, 110, 100, 97, 114, 237, 97, 0, 0, 0, 0, 0, 0, 0, 0, 0, 0)",1,Spanish,2.15505,1.15505
Stockhalle,"(83, 116, 111, 99, 107, 104, 97, 108, 108, 101, 0, 0, 0, 0, 0, 0, 0, 0, 0, 0)",4,German,2.15505,-1.84495
discernió,"(100, 105, 115, 99, 101, 114, 110, 105, 243, 0, 0, 0, 0, 0, 0, 0, 0, 0, 0, 0)",1,Spanish,2.15505,1.15505
entumeces,"(101, 110, 116, 117, 109, 101, 99, 101, 115, 0, 0, 0, 0, 0, 0, 0, 0, 0, 0, 0)",1,Spanish,2.15505,1.15505
descentralizaríais,"(100, 101, 115, 99, 101, 110, 116, 114, 97, 108, 105, 122, 97, 114, 237, 97, 105, 115, 0, 0)",1,Spanish,2.15505,1.15505
reinsertó,"(114, 101, 105, 110, 115, 101, 114, 116, 243, 0, 0, 0, 0, 0, 0, 0, 0, 0, 0, 0)",1,Spanish,2.15505,1.15505
entariméis,"(101, 110, 116, 97, 114, 105, 109, 233, 105, 115, 0, 0, 0, 0, 0, 0, 0, 0, 0, 0)",1,Spanish,2.15505,1.15505
Meisterbild,"(77, 101, 105, 115, 116, 101, 114, 98, 105, 108, 100, 0, 0, 0, 0, 0, 0, 0, 0, 0)",4,German,2.15505,-1.84495
zahntechnischer,"(122, 97, 104, 110, 116, 101, 99, 104, 110, 105, 115, 99, 104, 101, 114, 0, 0, 0, 0, 0)",4,German,2.15505,-1.84495
punktgenauem,"(112, 117, 110, 107, 116, 103, 101, 110, 97, 117, 101, 109, 0, 0, 0, 0, 0, 0, 0, 0)",4,German,2.15505,-1.84495
vollfette,"(118, 111, 108, 108, 102, 101, 116, 116, 101, 0, 0, 0, 0, 0, 0, 0, 0, 0, 0, 0)",4,German,2.15505,-1.84495
disecaste,"(100, 105, 115, 101, 99, 97, 115, 116, 101, 0, 0, 0, 0, 0, 0, 0, 0, 0, 0, 0)",1,Spanish,2.15505,1.15505
adentrarían,"(97, 100, 101, 110, 116, 114, 97, 114, 237, 97, 110, 0, 0, 0, 0, 0, 0, 0, 0, 0)",1,Spanish,2.15505,1.15505
restriegues,"(114, 101, 115, 116, 114, 105, 101, 103, 117, 101, 115, 0, 0, 0, 0, 0, 0, 0, 0, 0)",1,Spanish,2.15505,1.15505
beantwortendem,"(98, 101, 97, 110, 116, 119, 111, 114, 116, 101, 110, 100, 101, 109, 0, 0, 0, 0, 0, 0)",4,German,2.15505,-1.84495
holgazanes,"(104, 111, 108, 103, 97, 122, 97, 110, 101, 115, 0, 0, 0, 0, 0, 0, 0, 0, 0, 0)",1,Spanish,2.15505,1.15505
Lebensfrage,"(76, 101, 98, 101, 110, 115, 102, 114, 97, 103, 101, 0, 0, 0, 0, 0, 0, 0, 0, 0)",4,German,2.15505,-1.84495
Besetzungstruppe,"(66, 101, 115, 101, 116, 122, 117, 110, 103, 115, 116, 114, 117, 112, 112, 101, 0, 0, 0, 0)",4,German,2.15505,-1.84495
azucararéis,"(97, 122, 117, 99, 97, 114, 97, 114, 233, 105, 115, 0, 0, 0, 0, 0, 0, 0, 0, 0)",1,Spanish,2.15505,1.15505
pacífica,"(112, 97, 99, 237, 102, 105, 99, 97, 0, 0, 0, 0, 0, 0, 0, 0, 0, 0, 0, 0)",1,Spanish,2.15505,1.15505
kopfballstarke,"(107, 111, 112, 102, 98, 97, 108, 108, 115, 116, 97, 114, 107, 101, 0, 0, 0, 0, 0, 0)",4,German,2.15505,-1.84495
Regionalwettbewerben,"(82, 101, 103, 105, 111, 110, 97, 108, 119, 101, 116, 116, 98, 101, 119, 101, 114, 98, 101, 110)",4,German,2.15505,-1.84495
Kriegshysterie,"(75, 114, 105, 101, 103, 115, 104, 121, 115, 116, 101, 114, 105, 101, 0, 0, 0, 0, 0, 0)",4,German,2.15505,-1.84495
reabasteceríamos,"(114, 101, 97, 98, 97, 115, 116, 101, 99, 101, 114, 237, 97, 109, 111, 115, 0, 0, 0, 0)",1,Spanish,2.15505,1.15505
superpusieras,"(115, 117, 112, 101, 114, 112, 117, 115, 105, 101, 114, 97, 115, 0, 0, 0, 0, 0, 0, 0)",1,Spanish,2.15505,1.15505
hurtáramos,"(104, 117, 114, 116, 225, 114, 97, 109, 111, 115, 0, 0, 0, 0, 0, 0, 0, 0, 0, 0)",1,Spanish,2.15505,1.15505
originaban,"(111, 114, 105, 103, 105, 110, 97, 98, 97, 110, 0, 0, 0, 0, 0, 0, 0, 0, 0, 0)",1,Spanish,2.15505,1.15505
Lichtentzug,"(76, 105, 99, 104, 116, 101, 110, 116, 122, 117, 103, 0, 0, 0, 0, 0, 0, 0, 0, 0)",4,German,2.15505,-1.84495
monumentalisierenden,"(109, 111, 110, 117, 109, 101, 110, 116, 97, 108, 105, 115, 105, 101, 114, 101, 110, 100, 101, 110)",4,German,2.15505,-1.84495
Sekundenzeichen,"(83, 101, 107, 117, 110, 100, 101, 110, 122, 101, 105, 99, 104, 101, 110, 0, 0, 0, 0, 0)",4,German,2.15505,-1.84495
Sterndienste,"(83, 116, 101, 114, 110, 100, 105, 101, 110, 115, 116, 101, 0, 0, 0, 0, 0, 0, 0, 0)",4,German,2.15505,-1.84495
zergliederten,"(122, 101, 114, 103, 108, 105, 101, 100, 101, 114, 116, 101, 110, 0, 0, 0, 0, 0, 0, 0)",4,German,2.15505,-1.84495
encendedor,"(101, 110, 99, 101, 110, 100, 101, 100, 111, 114, 0, 0, 0, 0, 0, 0, 0, 0, 0, 0)",1,Spanish,2.15505,1.15505
vítreo,"(118, 237, 116, 114, 101, 111, 0, 0, 0, 0, 0, 0, 0, 0, 0, 0, 0, 0, 0, 0)",1,Spanish,2.28989,1.28989
surgían,"(115, 117, 114, 103, 237, 97, 110, 0, 0, 0, 0, 0, 0, 0, 0, 0, 0, 0, 0, 0)",1,Spanish,2.15505,1.15505
Aminogruppe,"(65, 109, 105, 110, 111, 103, 114, 117, 112, 112, 101, 0, 0, 0, 0, 0, 0, 0, 0, 0)",4,German,2.15505,-1.84495
chasqueáis,"(99, 104, 97, 115, 113, 117, 101, 225, 105, 115, 0, 0, 0, 0, 0, 0, 0, 0, 0, 0)",1,Spanish,2.15505,1.15505
direccionara,"(100, 105, 114, 101, 99, 99, 105, 111, 110, 97, 114, 97, 0, 0, 0, 0, 0, 0, 0, 0)",1,Spanish,2.15505,1.15505
venosas,"(118, 101, 110, 111, 115, 97, 115, 0, 0, 0, 0, 0, 0, 0, 0, 0, 0, 0, 0, 0)",1,Spanish,2.15505,1.15505
Unterunterartikels,"(85, 110, 116, 101, 114, 117, 110, 116, 101, 114, 97, 114, 116, 105, 107, 101, 108, 115, 0, 0)",4,German,2.15505,-1.84495
zivilisatorisch,"(122, 105, 118, 105, 108, 105, 115, 97, 116, 111, 114, 105, 115, 99, 104, 0, 0, 0, 0, 0)",4,German,2.15505,-1.84495
señorea,"(115, 101, 241, 111, 114, 101, 97, 0, 0, 0, 0, 0, 0, 0, 0, 0, 0, 0, 0, 0)",1,Spanish,2.15505,1.15505
Wiederwahlchance,"(87, 105, 101, 100, 101, 114, 119, 97, 104, 108, 99, 104, 97, 110, 99, 101, 0, 0, 0, 0)",4,German,2.15505,-1.84495
Ärztinnen,"(196, 114, 122, 116, 105, 110, 110, 101, 110, 0, 0, 0, 0, 0, 0, 0, 0, 0, 0, 0)",4,German,2.15505,-1.84495
domiciliario,"(100, 111, 109, 105, 99, 105, 108, 105, 97, 114, 105, 111, 0, 0, 0, 0, 0, 0, 0, 0)",1,Spanish,2.15505,1.15505
laudaras,"(108, 97, 117, 100, 97, 114, 97, 115, 0, 0, 0, 0, 0, 0, 0, 0, 0, 0, 0, 0)",1,Spanish,2.15505,1.15505
leven,"(108, 101, 118, 101, 110, 0, 0, 0, 0, 0, 0, 0, 0, 0, 0, 0, 0, 0, 0, 0)",1,Spanish,1.62269,0.62269
Bergbaugeschäftes,"(66, 101, 114, 103, 98, 97, 117, 103, 101, 115, 99, 104, 228, 102, 116, 101, 115, 0, 0, 0)",4,German,2.15505,-1.84495
actividad,"(97, 99, 116, 105, 118, 105, 100, 97, 100, 0, 0, 0, 0, 0, 0, 0, 0, 0, 0, 0)",1,Spanish,2.15505,1.15505
demokratisiere,"(100, 101, 109, 111, 107, 114, 97, 116, 105, 115, 105, 101, 114, 101, 0, 0, 0, 0, 0, 0)",4,German,2.15505,-1.84495
centralización,"(99, 101, 110, 116, 114, 97, 108, 105, 122, 97, 99, 105, 243, 110, 0, 0, 0, 0, 0, 0)",1,Spanish,2.15505,1.15505
Eckzwickel,"(69, 99, 107, 122, 119, 105, 99, 107, 101, 108, 0, 0, 0, 0, 0, 0, 0, 0, 0, 0)",4,German,2.15505,-1.84495
copúlense,"(99, 111, 112, 250, 108, 101, 110, 115, 101, 0, 0, 0, 0, 0, 0, 0, 0, 0, 0, 0)",1,Spanish,2.15505,1.15505
runterzukraxeln,"(114, 117, 110, 116, 101, 114, 122, 117, 107, 114, 97, 120, 101, 108, 110, 0, 0, 0, 0, 0)",4,German,2.15505,-1.84495
Zahlencodeanzeige,"(90, 97, 104, 108, 101, 110, 99, 111, 100, 101, 97, 110, 122, 101, 105, 103, 101, 0, 0, 0)",4,German,2.15505,-1.84495
digerí,"(100, 105, 103, 101, 114, 237, 0, 0, 0, 0, 0, 0, 0, 0, 0, 0, 0, 0, 0, 0)",1,Spanish,2.15505,1.15505
Binden,"(66, 105, 110, 100, 101, 110, 0, 0, 0, 0, 0, 0, 0, 0, 0, 0, 0, 0, 0, 0)",4,German,2.15505,-1.84495
ficharías,"(102, 105, 99, 104, 97, 114, 237, 97, 115, 0, 0, 0, 0, 0, 0, 0, 0, 0, 0, 0)",1,Spanish,2.15505,1.15505
Kleintheater,"(75, 108, 101, 105, 110, 116, 104, 101, 97, 116, 101, 114, 0, 0, 0, 0, 0, 0, 0, 0)",4,German,2.15505,-1.84495
Tastaturschablone,"(84, 97, 115, 116, 97, 116, 117, 114, 115, 99, 104, 97, 98, 108, 111, 110, 101, 0, 0, 0)",4,German,2.15505,-1.84495
zweibahnig,"(122, 119, 101, 105, 98, 97, 104, 110, 105, 103, 0, 0, 0, 0, 0, 0, 0, 0, 0, 0)",4,German,2.15505,-1.84495
acoses,"(97, 99, 111, 115, 101, 115, 0, 0, 0, 0, 0, 0, 0, 0, 0, 0, 0, 0, 0, 0)",1,Spanish,2.15505,1.15505
abolsa,"(97, 98, 111, 108, 115, 97, 0, 0, 0, 0, 0, 0, 0, 0, 0, 0, 0, 0, 0, 0)",1,Spanish,2.15505,1.15505
Texttypen,"(84, 101, 120, 116, 116, 121, 112, 101, 110, 0, 0, 0, 0, 0, 0, 0, 0, 0, 0, 0)",4,German,2.15505,-1.84495
Canapé,"(67, 97, 110, 97, 112, 233, 0, 0, 0, 0, 0, 0, 0, 0, 0, 0, 0, 0, 0, 0)",4,German,2.15505,-1.84495
subrepticio,"(115, 117, 98, 114, 101, 112, 116, 105, 99, 105, 111, 0, 0, 0, 0, 0, 0, 0, 0, 0)",1,Spanish,2.15505,1.15505
contusiones,"(99, 111, 110, 116, 117, 115, 105, 111, 110, 101, 115, 0, 0, 0, 0, 0, 0, 0, 0, 0)",1,Spanish,2.15505,1.15505
uxoricidio,"(117, 120, 111, 114, 105, 99, 105, 100, 105, 111, 0, 0, 0, 0, 0, 0, 0, 0, 0, 0)",1,Spanish,2.15505,1.15505
Cheftaste,"(67, 104, 101, 102, 116, 97, 115, 116, 101, 0, 0, 0, 0, 0, 0, 0, 0, 0, 0, 0)",4,German,2.15505,-1.84495
desfalcaban,"(100, 101, 115, 102, 97, 108, 99, 97, 98, 97, 110, 0, 0, 0, 0, 0, 0, 0, 0, 0)",1,Spanish,2.15505,1.15505
adicionábamos,"(97, 100, 105, 99, 105, 111, 110, 225, 98, 97, 109, 111, 115, 0, 0, 0, 0, 0, 0, 0)",1,Spanish,2.15505,1.15505
Marktzinspapiers,"(77, 97, 114, 107, 116, 122, 105, 110, 115, 112, 97, 112, 105, 101, 114, 115, 0, 0, 0, 0)",4,German,2.15505,-1.84495
cercenemos,"(99, 101, 114, 99, 101, 110, 101, 109, 111, 115, 0, 0, 0, 0, 0, 0, 0, 0, 0, 0)",1,Spanish,2.15505,1.15505
Diskonterhöhung,"(68, 105, 115, 107, 111, 110, 116, 101, 114, 104, 246, 104, 117, 110, 103, 0, 0, 0, 0, 0)",4,German,2.15505,-1.84495
llameáramos,"(108, 108, 97, 109, 101, 225, 114, 97, 109, 111, 115, 0, 0, 0, 0, 0, 0, 0, 0, 0)",1,Spanish,2.15505,1.15505
zerklüftetste,"(122, 101, 114, 107, 108, 252, 102, 116, 101, 116, 115, 116, 101, 0, 0, 0, 0, 0, 0, 0)",4,German,2.15505,-1.84495
apacentar,"(97, 112, 97, 99, 101, 110, 116, 97, 114, 0, 0, 0, 0, 0, 0, 0, 0, 0, 0, 0)",1,Spanish,2.15505,1.15505
nackt,"(110, 97, 99, 107, 116, 0, 0, 0, 0, 0, 0, 0, 0, 0, 0, 0, 0, 0, 0, 0)",4,German,1.62269,-2.37731
atiesaras,"(97, 116, 105, 101, 115, 97, 114, 97, 115, 0, 0, 0, 0, 0, 0, 0, 0, 0, 0, 0)",1,Spanish,2.15505,1.15505
Rüstungsstopps,"(82, 252, 115, 116, 117, 110, 103, 115, 115, 116, 111, 112, 112, 115, 0, 0, 0, 0, 0, 0)",4,German,2.15505,-1.84495
alijaste,"(97, 108, 105, 106, 97, 115, 116, 101, 0, 0, 0, 0, 0, 0, 0, 0, 0, 0, 0, 0)",1,Spanish,2.15505,1.15505
carcomías,"(99, 97, 114, 99, 111, 109, 237, 97, 115, 0, 0, 0, 0, 0, 0, 0, 0, 0, 0, 0)",1,Spanish,2.15505,1.15505
Bauschiedsgericht,"(66, 97, 117, 115, 99, 104, 105, 101, 100, 115, 103, 101, 114, 105, 99, 104, 116, 0, 0, 0)",4,German,2.15505,-1.84495
desamortizabas,"(100, 101, 115, 97, 109, 111, 114, 116, 105, 122, 97, 98, 97, 115, 0, 0, 0, 0, 0, 0)",1,Spanish,2.15505,1.15505
bisectormente,"(98, 105, 115, 101, 99, 116, 111, 114, 109, 101, 110, 116, 101, 0, 0, 0, 0, 0, 0, 0)",1,Spanish,2.15505,1.15505
concordado,"(99, 111, 110, 99, 111, 114, 100, 97, 100, 111, 0, 0, 0, 0, 0, 0, 0, 0, 0, 0)",1,Spanish,2.15505,1.15505
tonsuró,"(116, 111, 110, 115, 117, 114, 243, 0, 0, 0, 0, 0, 0, 0, 0, 0, 0, 0, 0, 0)",1,Spanish,2.15505,1.15505
mediarás,"(109, 101, 100, 105, 97, 114, 225, 115, 0, 0, 0, 0, 0, 0, 0, 0, 0, 0, 0, 0)",1,Spanish,2.15505,1.15505
cerebroespinales,"(99, 101, 114, 101, 98, 114, 111, 101, 115, 112, 105, 110, 97, 108, 101, 115, 0, 0, 0, 0)",1,Spanish,2.15505,1.15505
tranquilo,"(116, 114, 97, 110, 113, 117, 105, 108, 111, 0, 0, 0, 0, 0, 0, 0, 0, 0, 0, 0)",1,Spanish,2.15505,1.15505
apreciativo,"(97, 112, 114, 101, 99, 105, 97, 116, 105, 118, 111, 0, 0, 0, 0, 0, 0, 0, 0, 0)",1,Spanish,2.15505,1.15505
Editierplätzen,"(69, 100, 105, 116, 105, 101, 114, 112, 108, 228, 116, 122, 101, 110, 0, 0, 0, 0, 0, 0)",4,German,2.15505,-1.84495
klemmte,"(107, 108, 101, 109, 109, 116, 101, 0, 0, 0, 0, 0, 0, 0, 0, 0, 0, 0, 0, 0)",4,German,2.15505,-1.84495
Handlungsproduktes,"(72, 97, 110, 100, 108, 117, 110, 103, 115, 112, 114, 111, 100, 117, 107, 116, 101, 115, 0, 0)",4,German,2.15505,-1.84495
coloquios,"(99, 111, 108, 111, 113, 117, 105, 111, 115, 0, 0, 0, 0, 0, 0, 0, 0, 0, 0, 0)",1,Spanish,2.15505,1.15505
tasarais,"(116, 97, 115, 97, 114, 97, 105, 115, 0, 0, 0, 0, 0, 0, 0, 0, 0, 0, 0, 0)",1,Spanish,2.15505,1.15505
lelas,"(108, 101, 108, 97, 115, 0, 0, 0, 0, 0, 0, 0, 0, 0, 0, 0, 0, 0, 0, 0)",1,Spanish,1.62269,0.62269
Verbandsklagen,"(86, 101, 114, 98, 97, 110, 100, 115, 107, 108, 97, 103, 101, 110, 0, 0, 0, 0, 0, 0)",4,German,2.15505,-1.84495
subsistiendo,"(115, 117, 98, 115, 105, 115, 116, 105, 101, 110, 100, 111, 0, 0, 0, 0, 0, 0, 0, 0)",1,Spanish,2.15505,1.15505
hipotéticamente,"(104, 105, 112, 111, 116, 233, 116, 105, 99, 97, 109, 101, 110, 116, 101, 0, 0, 0, 0, 0)",1,Spanish,2.15505,1.15505
desaprobáis,"(100, 101, 115, 97, 112, 114, 111, 98, 225, 105, 115, 0, 0, 0, 0, 0, 0, 0, 0, 0)",1,Spanish,2.15505,1.15505
Tastenapparat,"(84, 97, 115, 116, 101, 110, 97, 112, 112, 97, 114, 97, 116, 0, 0, 0, 0, 0, 0, 0)",4,German,2.15505,-1.84495
Kaninchenhaltungen,"(75, 97, 110, 105, 110, 99, 104, 101, 110, 104, 97, 108, 116, 117, 110, 103, 101, 110, 0, 0)",4,German,2.15505,-1.84495
Senatsvorsitzenden,"(83, 101, 110, 97, 116, 115, 118, 111, 114, 115, 105, 116, 122, 101, 110, 100, 101, 110, 0, 0)",4,German,2.15505,-1.84495
kT,"(107, 84, 0, 0, 0, 0, 0, 0, 0, 0, 0, 0, 0, 0, 0, 0, 0, 0, 0, 0)",4,German,0.67126,-3.32874
avenemos,"(97, 118, 101, 110, 101, 109, 111, 115, 0, 0, 0, 0, 0, 0, 0, 0, 0, 0, 0, 0)",1,Spanish,2.15505,1.15505
raí,"(114, 97, 237, 0, 0, 0, 0, 0, 0, 0, 0, 0, 0, 0, 0, 0, 0, 0, 0, 0)",1,Spanish,1.62424,0.62424
redunden,"(114, 101, 100, 117, 110, 100, 101, 110, 0, 0, 0, 0, 0, 0, 0, 0, 0, 0, 0, 0)",1,Spanish,2.15505,1.15505
contrataría,"(99, 111, 110, 116, 114, 97, 116, 97, 114, 237, 97, 0, 0, 0, 0, 0, 0, 0, 0, 0)",1,Spanish,2.15505,1.15505
enmaridan,"(101, 110, 109, 97, 114, 105, 100, 97, 110, 0, 0, 0, 0, 0, 0, 0, 0, 0, 0, 0)",1,Spanish,2.15505,1.15505
Wimperg,"(87, 105, 109, 112, 101, 114, 103, 0, 0, 0, 0, 0, 0, 0, 0, 0, 0, 0, 0, 0)",4,German,2.15505,-1.84495
unificarás,"(117, 110, 105, 102, 105, 99, 97, 114, 225, 115, 0, 0, 0, 0, 0, 0, 0, 0, 0, 0)",1,Spanish,2.15505,1.15505
desolaba,"(100, 101, 115, 111, 108, 97, 98, 97, 0, 0, 0, 0, 0, 0, 0, 0, 0, 0, 0, 0)",1,Spanish,2.15505,1.15505
möblierendem,"(109, 246, 98, 108, 105, 101, 114, 101, 110, 100, 101, 109, 0, 0, 0, 0, 0, 0, 0, 0)",4,German,2.15505,-1.84495
contadamente,"(99, 111, 110, 116, 97, 100, 97, 109, 101, 110, 116, 101, 0, 0, 0, 0, 0, 0, 0, 0)",1,Spanish,2.15505,1.15505
administrar,"(97, 100, 109, 105, 110, 105, 115, 116, 114, 97, 114, 0, 0, 0, 0, 0, 0, 0, 0, 0)",1,Spanish,2.15505,1.15505
socavación,"(115, 111, 99, 97, 118, 97, 99, 105, 243, 110, 0, 0, 0, 0, 0, 0, 0, 0, 0, 0)",1,Spanish,2.15505,1.15505
Fachwerkhaupthauses,"(70, 97, 99, 104, 119, 101, 114, 107, 104, 97, 117, 112, 116, 104, 97, 117, 115, 101, 115, 0)",4,German,2.15505,-1.84495
Kunstdruckpapieren,"(75, 117, 110, 115, 116, 100, 114, 117, 99, 107, 112, 97, 112, 105, 101, 114, 101, 110, 0, 0)",4,German,2.15505,-1.84495
Münzwerken,"(77, 252, 110, 122, 119, 101, 114, 107, 101, 110, 0, 0, 0, 0, 0, 0, 0, 0, 0, 0)",4,German,2.15505,-1.84495
tripulando,"(116, 114, 105, 112, 117, 108, 97, 110, 100, 111, 0, 0, 0, 0, 0, 0, 0, 0, 0, 0)",1,Spanish,2.15505,1.15505
privaríais,"(112, 114, 105, 118, 97, 114, 237, 97, 105, 115, 0, 0, 0, 0, 0, 0, 0, 0, 0, 0)",1,Spanish,2.15505,1.15505
Judensteinen,"(74, 117, 100, 101, 110, 115, 116, 101, 105, 110, 101, 110, 0, 0, 0, 0, 0, 0, 0, 0)",4,German,2.15505,-1.84495
soliviabas,"(115, 111, 108, 105, 118, 105, 97, 98, 97, 115, 0, 0, 0, 0, 0, 0, 0, 0, 0, 0)",1,Spanish,2.15505,1.15505
viré,"(118, 105, 114, 233, 0, 0, 0, 0, 0, 0, 0, 0, 0, 0, 0, 0, 0, 0, 0, 0)",1,Spanish,1.62269,0.62269
buscó,"(98, 117, 115, 99, 243, 0, 0, 0, 0, 0, 0, 0, 0, 0, 0, 0, 0, 0, 0, 0)",1,Spanish,0.74203,-0.25797
Waschmittelzusatzes,"(87, 97, 115, 99, 104, 109, 105, 116, 116, 101, 108, 122, 117, 115, 97, 116, 122, 101, 115, 0)",4,German,2.15505,-1.84495
decámetros,"(100, 101, 99, 225, 109, 101, 116, 114, 111, 115, 0, 0, 0, 0, 0, 0, 0, 0, 0, 0)",1,Spanish,2.15505,1.15505
Abstellhäuschens,"(65, 98, 115, 116, 101, 108, 108, 104, 228, 117, 115, 99, 104, 101, 110, 115, 0, 0, 0, 0)",4,German,2.15505,-1.84495
desanimes,"(100, 101, 115, 97, 110, 105, 109, 101, 115, 0, 0, 0, 0, 0, 0, 0, 0, 0, 0, 0)",1,Spanish,2.15505,1.15505
Postkandare,"(80, 111, 115, 116, 107, 97, 110, 100, 97, 114, 101, 0, 0, 0, 0, 0, 0, 0, 0, 0)",4,German,2.15505,-1.84495
Kopfläusen,"(75, 111, 112, 102, 108, 228, 117, 115, 101, 110, 0, 0, 0, 0, 0, 0, 0, 0, 0, 0)",4,German,2.15505,-1.84495
bonificaste,"(98, 111, 110, 105, 102, 105, 99, 97, 115, 116, 101, 0, 0, 0, 0, 0, 0, 0, 0, 0)",1,Spanish,2.15505,1.15505
Sonnenenergie,"(83, 111, 110, 110, 101, 110, 101, 110, 101, 114, 103, 105, 101, 0, 0, 0, 0, 0, 0, 0)",4,German,2.15505,-1.84495
entlangführt,"(101, 110, 116, 108, 97, 110, 103, 102, 252, 104, 114, 116, 0, 0, 0, 0, 0, 0, 0, 0)",4,German,2.15505,-1.84495
acecháramos,"(97, 99, 101, 99, 104, 225, 114, 97, 109, 111, 115, 0, 0, 0, 0, 0, 0, 0, 0, 0)",1,Spanish,2.15505,1.15505
Mineralaggregate,"(77, 105, 110, 101, 114, 97, 108, 97, 103, 103, 114, 101, 103, 97, 116, 101, 0, 0, 0, 0)",4,German,2.15505,-1.84495
innovativos,"(105, 110, 110, 111, 118, 97, 116, 105, 118, 111, 115, 0, 0, 0, 0, 0, 0, 0, 0, 0)",1,Spanish,2.15505,1.15505
Personenbetrieb,"(80, 101, 114, 115, 111, 110, 101, 110, 98, 101, 116, 114, 105, 101, 98, 0, 0, 0, 0, 0)",4,German,2.15505,-1.84495
Hauptpatrone,"(72, 97, 117, 112, 116, 112, 97, 116, 114, 111, 110, 101, 0, 0, 0, 0, 0, 0, 0, 0)",4,German,2.15505,-1.84495
gorjearais,"(103, 111, 114, 106, 101, 97, 114, 97, 105, 115, 0, 0, 0, 0, 0, 0, 0, 0, 0, 0)",1,Spanish,2.15505,1.15505
Zündtransformatoren,"(90, 252, 110, 100, 116, 114, 97, 110, 115, 102, 111, 114, 109, 97, 116, 111, 114, 101, 110, 0)",4,German,2.15505,-1.84495
civilizaríais,"(99, 105, 118, 105, 108, 105, 122, 97, 114, 237, 97, 105, 115, 0, 0, 0, 0, 0, 0, 0)",1,Spanish,2.15505,1.15505
auparía,"(97, 117, 112, 97, 114, 237, 97, 0, 0, 0, 0, 0, 0, 0, 0, 0, 0, 0, 0, 0)",1,Spanish,2.15505,1.15505
evapore,"(101, 118, 97, 112, 111, 114, 101, 0, 0, 0, 0, 0, 0, 0, 0, 0, 0, 0, 0, 0)",1,Spanish,2.15505,1.15505
adolescencias,"(97, 100, 111, 108, 101, 115, 99, 101, 110, 99, 105, 97, 115, 0, 0, 0, 0, 0, 0, 0)",1,Spanish,2.15505,1.15505
redescubrirás,"(114, 101, 100, 101, 115, 99, 117, 98, 114, 105, 114, 225, 115, 0, 0, 0, 0, 0, 0, 0)",1,Spanish,2.15505,1.15505
herviríamos,"(104, 101, 114, 118, 105, 114, 237, 97, 109, 111, 115, 0, 0, 0, 0, 0, 0, 0, 0, 0)",1,Spanish,2.15505,1.15505
palmearon,"(112, 97, 108, 109, 101, 97, 114, 111, 110, 0, 0, 0, 0, 0, 0, 0, 0, 0, 0, 0)",1,Spanish,2.15505,1.15505
maduramos,"(109, 97, 100, 117, 114, 97, 109, 111, 115, 0, 0, 0, 0, 0, 0, 0, 0, 0, 0, 0)",1,Spanish,2.15505,1.15505
abreviéis,"(97, 98, 114, 101, 118, 105, 233, 105, 115, 0, 0, 0, 0, 0, 0, 0, 0, 0, 0, 0)",1,Spanish,2.15505,1.15505
Abspannens,"(65, 98, 115, 112, 97, 110, 110, 101, 110, 115, 0, 0, 0, 0, 0, 0, 0, 0, 0, 0)",4,German,2.15505,-1.84495
Grafikpipeline,"(71, 114, 97, 102, 105, 107, 112, 105, 112, 101, 108, 105, 110, 101, 0, 0, 0, 0, 0, 0)",4,German,2.15505,-1.84495
Gassenwitz,"(71, 97, 115, 115, 101, 110, 119, 105, 116, 122, 0, 0, 0, 0, 0, 0, 0, 0, 0, 0)",4,German,2.15505,-1.84495
santiguáis,"(115, 97, 110, 116, 105, 103, 117, 225, 105, 115, 0, 0, 0, 0, 0, 0, 0, 0, 0, 0)",1,Spanish,2.15505,1.15505
Austernschale,"(65, 117, 115, 116, 101, 114, 110, 115, 99, 104, 97, 108, 101, 0, 0, 0, 0, 0, 0, 0)",4,German,2.15505,-1.84495
Röckchen,"(82, 246, 99, 107, 99, 104, 101, 110, 0, 0, 0, 0, 0, 0, 0, 0, 0, 0, 0, 0)",4,German,2.15505,-1.84495
Bauernemanzipation,"(66, 97, 117, 101, 114, 110, 101, 109, 97, 110, 122, 105, 112, 97, 116, 105, 111, 110, 0, 0)",4,German,2.15505,-1.84495
Wandschlitze,"(87, 97, 110, 100, 115, 99, 104, 108, 105, 116, 122, 101, 0, 0, 0, 0, 0, 0, 0, 0)",4,German,2.15505,-1.84495
Halbengel,"(72, 97, 108, 98, 101, 110, 103, 101, 108, 0, 0, 0, 0, 0, 0, 0, 0, 0, 0, 0)",4,German,2.15505,-1.84495
hacheo,"(104, 97, 99, 104, 101, 111, 0, 0, 0, 0, 0, 0, 0, 0, 0, 0, 0, 0, 0, 0)",1,Spanish,2.15505,1.15505
Schmiedezunft,"(83, 99, 104, 109, 105, 101, 100, 101, 122, 117, 110, 102, 116, 0, 0, 0, 0, 0, 0, 0)",4,German,2.15505,-1.84495
fabrikfrisch,"(102, 97, 98, 114, 105, 107, 102, 114, 105, 115, 99, 104, 0, 0, 0, 0, 0, 0, 0, 0)",4,German,2.15505,-1.84495
malgasté,"(109, 97, 108, 103, 97, 115, 116, 233, 0, 0, 0, 0, 0, 0, 0, 0, 0, 0, 0, 0)",1,Spanish,2.15505,1.15505
Kabinettsvorlage,"(75, 97, 98, 105, 110, 101, 116, 116, 115, 118, 111, 114, 108, 97, 103, 101, 0, 0, 0, 0)",4,German,2.15505,-1.84495
detentabas,"(100, 101, 116, 101, 110, 116, 97, 98, 97, 115, 0, 0, 0, 0, 0, 0, 0, 0, 0, 0)",1,Spanish,2.15505,1.15505
yuxtapon,"(121, 117, 120, 116, 97, 112, 111, 110, 0, 0, 0, 0, 0, 0, 0, 0, 0, 0, 0, 0)",1,Spanish,2.15505,1.15505
Literaturbereichs,"(76, 105, 116, 101, 114, 97, 116, 117, 114, 98, 101, 114, 101, 105, 99, 104, 115, 0, 0, 0)",4,German,2.15505,-1.84495
Identitätsbegriffs,"(73, 100, 101, 110, 116, 105, 116, 228, 116, 115, 98, 101, 103, 114, 105, 102, 102, 115, 0, 0)",4,German,2.15505,-1.84495
Heizungsanlage,"(72, 101, 105, 122, 117, 110, 103, 115, 97, 110, 108, 97, 103, 101, 0, 0, 0, 0, 0, 0)",4,German,2.15505,-1.84495
excederías,"(101, 120, 99, 101, 100, 101, 114, 237, 97, 115, 0, 0, 0, 0, 0, 0, 0, 0, 0, 0)",1,Spanish,2.15505,1.15505
Meridian,"(77, 101, 114, 105, 100, 105, 97, 110, 0, 0, 0, 0, 0, 0, 0, 0, 0, 0, 0, 0)",4,German,2.15505,-1.84495
medrarais,"(109, 101, 100, 114, 97, 114, 97, 105, 115, 0, 0, 0, 0, 0, 0, 0, 0, 0, 0, 0)",1,Spanish,2.15505,1.15505
rígido,"(114, 237, 103, 105, 100, 111, 0, 0, 0, 0, 0, 0, 0, 0, 0, 0, 0, 0, 0, 0)",1,Spanish,2.28989,1.28989
Provozierens,"(80, 114, 111, 118, 111, 122, 105, 101, 114, 101, 110, 115, 0, 0, 0, 0, 0, 0, 0, 0)",4,German,2.15505,-1.84495
Speisegelatine,"(83, 112, 101, 105, 115, 101, 103, 101, 108, 97, 116, 105, 110, 101, 0, 0, 0, 0, 0, 0)",4,German,2.15505,-1.84495
Wasserstoffblondinen,"(87, 97, 115, 115, 101, 114, 115, 116, 111, 102, 102, 98, 108, 111, 110, 100, 105, 110, 101, 110)",4,German,2.15505,-1.84495
Simulationssprachen,"(83, 105, 109, 117, 108, 97, 116, 105, 111, 110, 115, 115, 112, 114, 97, 99, 104, 101, 110, 0)",4,German,2.15505,-1.84495
patrocinemos,"(112, 97, 116, 114, 111, 99, 105, 110, 101, 109, 111, 115, 0, 0, 0, 0, 0, 0, 0, 0)",1,Spanish,2.15505,1.15505
Fesselekzem,"(70, 101, 115, 115, 101, 108, 101, 107, 122, 101, 109, 0, 0, 0, 0, 0, 0, 0, 0, 0)",4,German,2.15505,-1.84495
Wetterberechnung,"(87, 101, 116, 116, 101, 114, 98, 101, 114, 101, 99, 104, 110, 117, 110, 103, 0, 0, 0, 0)",4,German,2.15505,-1.84495
olamos,"(111, 108, 97, 109, 111, 115, 0, 0, 0, 0, 0, 0, 0, 0, 0, 0, 0, 0, 0, 0)",1,Spanish,2.15505,1.15505
conferiríais,"(99, 111, 110, 102, 101, 114, 105, 114, 237, 97, 105, 115, 0, 0, 0, 0, 0, 0, 0, 0)",1,Spanish,2.15505,1.15505
Liebesraserei,"(76, 105, 101, 98, 101, 115, 114, 97, 115, 101, 114, 101, 105, 0, 0, 0, 0, 0, 0, 0)",4,German,2.15505,-1.84495
desalmados,"(100, 101, 115, 97, 108, 109, 97, 100, 111, 115, 0, 0, 0, 0, 0, 0, 0, 0, 0, 0)",1,Spanish,2.15505,1.15505
disgustará,"(100, 105, 115, 103, 117, 115, 116, 97, 114, 225, 0, 0, 0, 0, 0, 0, 0, 0, 0, 0)",1,Spanish,2.15505,1.15505
trataran,"(116, 114, 97, 116, 97, 114, 97, 110, 0, 0, 0, 0, 0, 0, 0, 0, 0, 0, 0, 0)",1,Spanish,2.15505,1.15505
airasteis,"(97, 105, 114, 97, 115, 116, 101, 105, 115, 0, 0, 0, 0, 0, 0, 0, 0, 0, 0, 0)",1,Spanish,2.15505,1.15505
Atomwaffentyps,"(65, 116, 111, 109, 119, 97, 102, 102, 101, 110, 116, 121, 112, 115, 0, 0, 0, 0, 0, 0)",4,German,2.15505,-1.84495
Probeläufen,"(80, 114, 111, 98, 101, 108, 228, 117, 102, 101, 110, 0, 0, 0, 0, 0, 0, 0, 0, 0)",4,German,2.15505,-1.84495
enclaven,"(101, 110, 99, 108, 97, 118, 101, 110, 0, 0, 0, 0, 0, 0, 0, 0, 0, 0, 0, 0)",1,Spanish,2.15505,1.15505
Bundesfahne,"(66, 117, 110, 100, 101, 115, 102, 97, 104, 110, 101, 0, 0, 0, 0, 0, 0, 0, 0, 0)",4,German,2.15505,-1.84495
Dienstfreistellung,"(68, 105, 101, 110, 115, 116, 102, 114, 101, 105, 115, 116, 101, 108, 108, 117, 110, 103, 0, 0)",4,German,2.15505,-1.84495
