Word,Language,Input,Expected Result,Result,Match
conferiríais,Spanish,"(99, 111, 110, 102, 101, 114, 105, 114, 237, 97, 105, 115, 0, 0, 0, 0, 0, 0, 0, 0)",1,1,True
Gönnern,German,"(71, 246, 110, 110, 101, 114, 110, 0, 0, 0, 0, 0, 0, 0, 0, 0, 0, 0, 0, 0)",4,4,True
civilizaríais,Spanish,"(99, 105, 118, 105, 108, 105, 122, 97, 114, 237, 97, 105, 115, 0, 0, 0, 0, 0, 0, 0)",1,1,True
Neumondes,German,"(78, 101, 117, 109, 111, 110, 100, 101, 115, 0, 0, 0, 0, 0, 0, 0, 0, 0, 0, 0)",4,4,True
rasgarás,Spanish,"(114, 97, 115, 103, 97, 114, 225, 115, 0, 0, 0, 0, 0, 0, 0, 0, 0, 0, 0, 0)",1,1,True
Ursprungssatzes,German,"(85, 114, 115, 112, 114, 117, 110, 103, 115, 115, 97, 116, 122, 101, 115, 0, 0, 0, 0, 0)",4,4,True
recomenzaréis,Spanish,"(114, 101, 99, 111, 109, 101, 110, 122, 97, 114, 233, 105, 115, 0, 0, 0, 0, 0, 0, 0)",1,1,True
mutilarían,Spanish,"(109, 117, 116, 105, 108, 97, 114, 237, 97, 110, 0, 0, 0, 0, 0, 0, 0, 0, 0, 0)",1,1,True
Betriebsmessgerät,German,"(66, 101, 116, 114, 105, 101, 98, 115, 109, 101, 115, 115, 103, 101, 114, 228, 116, 0, 0, 0)",4,4,True
Distanzwirkungen,German,"(68, 105, 115, 116, 97, 110, 122, 119, 105, 114, 107, 117, 110, 103, 101, 110, 0, 0, 0, 0)",4,4,True
Kommandogewalten,German,"(75, 111, 109, 109, 97, 110, 100, 111, 103, 101, 119, 97, 108, 116, 101, 110, 0, 0, 0, 0)",4,4,True
remarían,Spanish,"(114, 101, 109, 97, 114, 237, 97, 110, 0, 0, 0, 0, 0, 0, 0, 0, 0, 0, 0, 0)",1,1,True
herréis,Spanish,"(104, 101, 114, 114, 233, 105, 115, 0, 0, 0, 0, 0, 0, 0, 0, 0, 0, 0, 0, 0)",1,1,True
Steinbruchlagers,German,"(83, 116, 101, 105, 110, 98, 114, 117, 99, 104, 108, 97, 103, 101, 114, 115, 0, 0, 0, 0)",4,4,True
respiradores,Spanish,"(114, 101, 115, 112, 105, 114, 97, 100, 111, 114, 101, 115, 0, 0, 0, 0, 0, 0, 0, 0)",1,1,True
perniciosos,Spanish,"(112, 101, 114, 110, 105, 99, 105, 111, 115, 111, 115, 0, 0, 0, 0, 0, 0, 0, 0, 0)",1,1,True
absengen,German,"(97, 98, 115, 101, 110, 103, 101, 110, 0, 0, 0, 0, 0, 0, 0, 0, 0, 0, 0, 0)",4,1,False
Kernspintomographien,German,"(75, 101, 114, 110, 115, 112, 105, 110, 116, 111, 109, 111, 103, 114, 97, 112, 104, 105, 101, 110)",4,4,True
Rückgabewerte,German,"(82, 252, 99, 107, 103, 97, 98, 101, 119, 101, 114, 116, 101, 0, 0, 0, 0, 0, 0, 0)",4,4,True
Friedenseinheit,German,"(70, 114, 105, 101, 100, 101, 110, 115, 101, 105, 110, 104, 101, 105, 116, 0, 0, 0, 0, 0)",4,4,True
aislaría,Spanish,"(97, 105, 115, 108, 97, 114, 237, 97, 0, 0, 0, 0, 0, 0, 0, 0, 0, 0, 0, 0)",1,1,True
Marktzinspapiers,German,"(77, 97, 114, 107, 116, 122, 105, 110, 115, 112, 97, 112, 105, 101, 114, 115, 0, 0, 0, 0)",4,4,True
salivad,Spanish,"(115, 97, 108, 105, 118, 97, 100, 0, 0, 0, 0, 0, 0, 0, 0, 0, 0, 0, 0, 0)",1,1,True
instarán,Spanish,"(105, 110, 115, 116, 97, 114, 225, 110, 0, 0, 0, 0, 0, 0, 0, 0, 0, 0, 0, 0)",1,1,True
Dampfheizungen,German,"(68, 97, 109, 112, 102, 104, 101, 105, 122, 117, 110, 103, 101, 110, 0, 0, 0, 0, 0, 0)",4,4,True
Ecuadors,German,"(69, 99, 117, 97, 100, 111, 114, 115, 0, 0, 0, 0, 0, 0, 0, 0, 0, 0, 0, 0)",4,1,False
gorjearais,Spanish,"(103, 111, 114, 106, 101, 97, 114, 97, 105, 115, 0, 0, 0, 0, 0, 0, 0, 0, 0, 0)",1,1,True
thematisierendem,German,"(116, 104, 101, 109, 97, 116, 105, 115, 105, 101, 114, 101, 110, 100, 101, 109, 0, 0, 0, 0)",4,4,True
Zahlencodeanzeige,German,"(90, 97, 104, 108, 101, 110, 99, 111, 100, 101, 97, 110, 122, 101, 105, 103, 101, 0, 0, 0)",4,4,True
prolongarán,Spanish,"(112, 114, 111, 108, 111, 110, 103, 97, 114, 225, 110, 0, 0, 0, 0, 0, 0, 0, 0, 0)",1,1,True
arderían,Spanish,"(97, 114, 100, 101, 114, 237, 97, 110, 0, 0, 0, 0, 0, 0, 0, 0, 0, 0, 0, 0)",1,1,True
ejecutaban,Spanish,"(101, 106, 101, 99, 117, 116, 97, 98, 97, 110, 0, 0, 0, 0, 0, 0, 0, 0, 0, 0)",1,1,True
furiosen,German,"(102, 117, 114, 105, 111, 115, 101, 110, 0, 0, 0, 0, 0, 0, 0, 0, 0, 0, 0, 0)",4,4,True
Pilotlicht,German,"(80, 105, 108, 111, 116, 108, 105, 99, 104, 116, 0, 0, 0, 0, 0, 0, 0, 0, 0, 0)",4,4,True
Holzlage,German,"(72, 111, 108, 122, 108, 97, 103, 101, 0, 0, 0, 0, 0, 0, 0, 0, 0, 0, 0, 0)",4,4,True
manarían,Spanish,"(109, 97, 110, 97, 114, 237, 97, 110, 0, 0, 0, 0, 0, 0, 0, 0, 0, 0, 0, 0)",1,1,True
Maultierpfad,German,"(77, 97, 117, 108, 116, 105, 101, 114, 112, 102, 97, 100, 0, 0, 0, 0, 0, 0, 0, 0)",4,4,True
descamaban,Spanish,"(100, 101, 115, 99, 97, 109, 97, 98, 97, 110, 0, 0, 0, 0, 0, 0, 0, 0, 0, 0)",1,1,True
unholde,German,"(117, 110, 104, 111, 108, 100, 101, 0, 0, 0, 0, 0, 0, 0, 0, 0, 0, 0, 0, 0)",4,1,False
karamellfarbenen,German,"(107, 97, 114, 97, 109, 101, 108, 108, 102, 97, 114, 98, 101, 110, 101, 110, 0, 0, 0, 0)",4,4,True
Probeexemplare,German,"(80, 114, 111, 98, 101, 101, 120, 101, 109, 112, 108, 97, 114, 101, 0, 0, 0, 0, 0, 0)",4,4,True
Werkzeugpalette,German,"(87, 101, 114, 107, 122, 101, 117, 103, 112, 97, 108, 101, 116, 116, 101, 0, 0, 0, 0, 0)",4,4,True
acecinaríamos,Spanish,"(97, 99, 101, 99, 105, 110, 97, 114, 237, 97, 109, 111, 115, 0, 0, 0, 0, 0, 0, 0)",1,1,True
totalizaras,Spanish,"(116, 111, 116, 97, 108, 105, 122, 97, 114, 97, 115, 0, 0, 0, 0, 0, 0, 0, 0, 0)",1,1,True
señoreé,Spanish,"(115, 101, 241, 111, 114, 101, 233, 0, 0, 0, 0, 0, 0, 0, 0, 0, 0, 0, 0, 0)",1,1,True
praxisgerecht,German,"(112, 114, 97, 120, 105, 115, 103, 101, 114, 101, 99, 104, 116, 0, 0, 0, 0, 0, 0, 0)",4,4,True
cerebroespinales,Spanish,"(99, 101, 114, 101, 98, 114, 111, 101, 115, 112, 105, 110, 97, 108, 101, 115, 0, 0, 0, 0)",1,4,False
Stadtbild,German,"(83, 116, 97, 100, 116, 98, 105, 108, 100, 0, 0, 0, 0, 0, 0, 0, 0, 0, 0, 0)",4,4,True
sofrenaron,Spanish,"(115, 111, 102, 114, 101, 110, 97, 114, 111, 110, 0, 0, 0, 0, 0, 0, 0, 0, 0, 0)",1,1,True
Hefters,German,"(72, 101, 102, 116, 101, 114, 115, 0, 0, 0, 0, 0, 0, 0, 0, 0, 0, 0, 0, 0)",4,4,True
leo,Spanish,"(108, 101, 111, 0, 0, 0, 0, 0, 0, 0, 0, 0, 0, 0, 0, 0, 0, 0, 0, 0)",1,1,True
discontinuarían,Spanish,"(100, 105, 115, 99, 111, 110, 116, 105, 110, 117, 97, 114, 237, 97, 110, 0, 0, 0, 0, 0)",1,1,True
rearmad,Spanish,"(114, 101, 97, 114, 109, 97, 100, 0, 0, 0, 0, 0, 0, 0, 0, 0, 0, 0, 0, 0)",1,1,True
Handlungsproduktes,German,"(72, 97, 110, 100, 108, 117, 110, 103, 115, 112, 114, 111, 100, 117, 107, 116, 101, 115, 0, 0)",4,4,True
encasillen,Spanish,"(101, 110, 99, 97, 115, 105, 108, 108, 101, 110, 0, 0, 0, 0, 0, 0, 0, 0, 0, 0)",1,1,True
Kleinecken,German,"(75, 108, 101, 105, 110, 101, 99, 107, 101, 110, 0, 0, 0, 0, 0, 0, 0, 0, 0, 0)",4,4,True
Lawinenballon,German,"(76, 97, 119, 105, 110, 101, 110, 98, 97, 108, 108, 111, 110, 0, 0, 0, 0, 0, 0, 0)",4,4,True
consistencias,Spanish,"(99, 111, 110, 115, 105, 115, 116, 101, 110, 99, 105, 97, 115, 0, 0, 0, 0, 0, 0, 0)",1,1,True
Neuigkeiten,German,"(78, 101, 117, 105, 103, 107, 101, 105, 116, 101, 110, 0, 0, 0, 0, 0, 0, 0, 0, 0)",4,4,True
hereindürfen,German,"(104, 101, 114, 101, 105, 110, 100, 252, 114, 102, 101, 110, 0, 0, 0, 0, 0, 0, 0, 0)",4,4,True
sobrecarguemos,Spanish,"(115, 111, 98, 114, 101, 99, 97, 114, 103, 117, 101, 109, 111, 115, 0, 0, 0, 0, 0, 0)",1,1,True
Drucklufterzeugern,German,"(68, 114, 117, 99, 107, 108, 117, 102, 116, 101, 114, 122, 101, 117, 103, 101, 114, 110, 0, 0)",4,4,True
asanas,Spanish,"(97, 115, 97, 110, 97, 115, 0, 0, 0, 0, 0, 0, 0, 0, 0, 0, 0, 0, 0, 0)",1,1,True
Ratsentwurf,German,"(82, 97, 116, 115, 101, 110, 116, 119, 117, 114, 102, 0, 0, 0, 0, 0, 0, 0, 0, 0)",4,4,True
Bergwerkingenieurs,German,"(66, 101, 114, 103, 119, 101, 114, 107, 105, 110, 103, 101, 110, 105, 101, 117, 114, 115, 0, 0)",4,4,True
Nennformulars,German,"(78, 101, 110, 110, 102, 111, 114, 109, 117, 108, 97, 114, 115, 0, 0, 0, 0, 0, 0, 0)",4,4,True
crepitad,Spanish,"(99, 114, 101, 112, 105, 116, 97, 100, 0, 0, 0, 0, 0, 0, 0, 0, 0, 0, 0, 0)",1,1,True
desteñiríamos,Spanish,"(100, 101, 115, 116, 101, 241, 105, 114, 237, 97, 109, 111, 115, 0, 0, 0, 0, 0, 0, 0)",1,1,True
electrocutáis,Spanish,"(101, 108, 101, 99, 116, 114, 111, 99, 117, 116, 225, 105, 115, 0, 0, 0, 0, 0, 0, 0)",1,4,False
Judensteinen,German,"(74, 117, 100, 101, 110, 115, 116, 101, 105, 110, 101, 110, 0, 0, 0, 0, 0, 0, 0, 0)",4,4,True
ballenera,Spanish,"(98, 97, 108, 108, 101, 110, 101, 114, 97, 0, 0, 0, 0, 0, 0, 0, 0, 0, 0, 0)",1,1,True
llameáramos,Spanish,"(108, 108, 97, 109, 101, 225, 114, 97, 109, 111, 115, 0, 0, 0, 0, 0, 0, 0, 0, 0)",1,1,True
inconcluyente,Spanish,"(105, 110, 99, 111, 110, 99, 108, 117, 121, 101, 110, 116, 101, 0, 0, 0, 0, 0, 0, 0)",1,4,False
Stachelschnecken,German,"(83, 116, 97, 99, 104, 101, 108, 115, 99, 104, 110, 101, 99, 107, 101, 110, 0, 0, 0, 0)",4,4,True
depararais,Spanish,"(100, 101, 112, 97, 114, 97, 114, 97, 105, 115, 0, 0, 0, 0, 0, 0, 0, 0, 0, 0)",1,1,True
Zwiebelrestes,German,"(90, 119, 105, 101, 98, 101, 108, 114, 101, 115, 116, 101, 115, 0, 0, 0, 0, 0, 0, 0)",4,4,True
prescindáis,Spanish,"(112, 114, 101, 115, 99, 105, 110, 100, 225, 105, 115, 0, 0, 0, 0, 0, 0, 0, 0, 0)",1,1,True
Karawanenstraßen,German,"(75, 97, 114, 97, 119, 97, 110, 101, 110, 115, 116, 114, 97, 223, 101, 110, 0, 0, 0, 0)",4,4,True
arando,Spanish,"(97, 114, 97, 110, 100, 111, 0, 0, 0, 0, 0, 0, 0, 0, 0, 0, 0, 0, 0, 0)",1,1,True
Rotschultertaube,German,"(82, 111, 116, 115, 99, 104, 117, 108, 116, 101, 114, 116, 97, 117, 98, 101, 0, 0, 0, 0)",4,4,True
Baufertigteil,German,"(66, 97, 117, 102, 101, 114, 116, 105, 103, 116, 101, 105, 108, 0, 0, 0, 0, 0, 0, 0)",4,4,True
confitaremos,Spanish,"(99, 111, 110, 102, 105, 116, 97, 114, 101, 109, 111, 115, 0, 0, 0, 0, 0, 0, 0, 0)",1,1,True
suelden,Spanish,"(115, 117, 101, 108, 100, 101, 110, 0, 0, 0, 0, 0, 0, 0, 0, 0, 0, 0, 0, 0)",1,1,True
copúlense,Spanish,"(99, 111, 112, 250, 108, 101, 110, 115, 101, 0, 0, 0, 0, 0, 0, 0, 0, 0, 0, 0)",1,1,True
serpenteemos,Spanish,"(115, 101, 114, 112, 101, 110, 116, 101, 101, 109, 111, 115, 0, 0, 0, 0, 0, 0, 0, 0)",1,1,True
valoriza,Spanish,"(118, 97, 108, 111, 114, 105, 122, 97, 0, 0, 0, 0, 0, 0, 0, 0, 0, 0, 0, 0)",1,1,True
crispe,Spanish,"(99, 114, 105, 115, 112, 101, 0, 0, 0, 0, 0, 0, 0, 0, 0, 0, 0, 0, 0, 0)",1,1,True
olamos,Spanish,"(111, 108, 97, 109, 111, 115, 0, 0, 0, 0, 0, 0, 0, 0, 0, 0, 0, 0, 0, 0)",1,1,True
verkasperndes,German,"(118, 101, 114, 107, 97, 115, 112, 101, 114, 110, 100, 101, 115, 0, 0, 0, 0, 0, 0, 0)",4,4,True
alegoría,Spanish,"(97, 108, 101, 103, 111, 114, 237, 97, 0, 0, 0, 0, 0, 0, 0, 0, 0, 0, 0, 0)",1,1,True
Bettenkaufs,German,"(66, 101, 116, 116, 101, 110, 107, 97, 117, 102, 115, 0, 0, 0, 0, 0, 0, 0, 0, 0)",4,4,True
recostamos,Spanish,"(114, 101, 99, 111, 115, 116, 97, 109, 111, 115, 0, 0, 0, 0, 0, 0, 0, 0, 0, 0)",1,1,True
conmocionaste,Spanish,"(99, 111, 110, 109, 111, 99, 105, 111, 110, 97, 115, 116, 101, 0, 0, 0, 0, 0, 0, 0)",1,1,True
constarán,Spanish,"(99, 111, 110, 115, 116, 97, 114, 225, 110, 0, 0, 0, 0, 0, 0, 0, 0, 0, 0, 0)",1,1,True
subsistiendo,Spanish,"(115, 117, 98, 115, 105, 115, 116, 105, 101, 110, 100, 111, 0, 0, 0, 0, 0, 0, 0, 0)",1,1,True
demacrando,Spanish,"(100, 101, 109, 97, 99, 114, 97, 110, 100, 111, 0, 0, 0, 0, 0, 0, 0, 0, 0, 0)",1,1,True
igualaré,Spanish,"(105, 103, 117, 97, 108, 97, 114, 233, 0, 0, 0, 0, 0, 0, 0, 0, 0, 0, 0, 0)",1,1,True
neutralicéis,Spanish,"(110, 101, 117, 116, 114, 97, 108, 105, 99, 233, 105, 115, 0, 0, 0, 0, 0, 0, 0, 0)",1,1,True
bascules,Spanish,"(98, 97, 115, 99, 117, 108, 101, 115, 0, 0, 0, 0, 0, 0, 0, 0, 0, 0, 0, 0)",1,1,True
Doofmännern,German,"(68, 111, 111, 102, 109, 228, 110, 110, 101, 114, 110, 0, 0, 0, 0, 0, 0, 0, 0, 0)",4,4,True
despertara,Spanish,"(100, 101, 115, 112, 101, 114, 116, 97, 114, 97, 0, 0, 0, 0, 0, 0, 0, 0, 0, 0)",1,1,True
recelábamos,Spanish,"(114, 101, 99, 101, 108, 225, 98, 97, 109, 111, 115, 0, 0, 0, 0, 0, 0, 0, 0, 0)",1,1,True
Originalkursen,German,"(79, 114, 105, 103, 105, 110, 97, 108, 107, 117, 114, 115, 101, 110, 0, 0, 0, 0, 0, 0)",4,4,True
Gesamtpassagierzahl,German,"(71, 101, 115, 97, 109, 116, 112, 97, 115, 115, 97, 103, 105, 101, 114, 122, 97, 104, 108, 0)",4,4,True
Revolutionsbeginns,German,"(82, 101, 118, 111, 108, 117, 116, 105, 111, 110, 115, 98, 101, 103, 105, 110, 110, 115, 0, 0)",4,4,True
escancio,Spanish,"(101, 115, 99, 97, 110, 99, 105, 111, 0, 0, 0, 0, 0, 0, 0, 0, 0, 0, 0, 0)",1,1,True
oxigenáramos,Spanish,"(111, 120, 105, 103, 101, 110, 225, 114, 97, 109, 111, 115, 0, 0, 0, 0, 0, 0, 0, 0)",1,1,True
aminoraríais,Spanish,"(97, 109, 105, 110, 111, 114, 97, 114, 237, 97, 105, 115, 0, 0, 0, 0, 0, 0, 0, 0)",1,1,True
pretextábamos,Spanish,"(112, 114, 101, 116, 101, 120, 116, 225, 98, 97, 109, 111, 115, 0, 0, 0, 0, 0, 0, 0)",1,1,True
conllevaban,Spanish,"(99, 111, 110, 108, 108, 101, 118, 97, 98, 97, 110, 0, 0, 0, 0, 0, 0, 0, 0, 0)",1,1,True
Kasinoversicherung,German,"(75, 97, 115, 105, 110, 111, 118, 101, 114, 115, 105, 99, 104, 101, 114, 117, 110, 103, 0, 0)",4,4,True
falaces,Spanish,"(102, 97, 108, 97, 99, 101, 115, 0, 0, 0, 0, 0, 0, 0, 0, 0, 0, 0, 0, 0)",1,1,True
compelí,Spanish,"(99, 111, 109, 112, 101, 108, 237, 0, 0, 0, 0, 0, 0, 0, 0, 0, 0, 0, 0, 0)",1,1,True
mitbelastete,German,"(109, 105, 116, 98, 101, 108, 97, 115, 116, 101, 116, 101, 0, 0, 0, 0, 0, 0, 0, 0)",4,4,True
runterzukraxeln,German,"(114, 117, 110, 116, 101, 114, 122, 117, 107, 114, 97, 120, 101, 108, 110, 0, 0, 0, 0, 0)",4,4,True
subcontrata,Spanish,"(115, 117, 98, 99, 111, 110, 116, 114, 97, 116, 97, 0, 0, 0, 0, 0, 0, 0, 0, 0)",1,1,True
Forderungsverzicht,German,"(70, 111, 114, 100, 101, 114, 117, 110, 103, 115, 118, 101, 114, 122, 105, 99, 104, 116, 0, 0)",4,4,True
desliza,Spanish,"(100, 101, 115, 108, 105, 122, 97, 0, 0, 0, 0, 0, 0, 0, 0, 0, 0, 0, 0, 0)",1,1,True
umgelerntem,German,"(117, 109, 103, 101, 108, 101, 114, 110, 116, 101, 109, 0, 0, 0, 0, 0, 0, 0, 0, 0)",4,4,True
amartilláis,Spanish,"(97, 109, 97, 114, 116, 105, 108, 108, 225, 105, 115, 0, 0, 0, 0, 0, 0, 0, 0, 0)",1,1,True
Inlandsflügen,German,"(73, 110, 108, 97, 110, 100, 115, 102, 108, 252, 103, 101, 110, 0, 0, 0, 0, 0, 0, 0)",4,4,True
Kinderportion,German,"(75, 105, 110, 100, 101, 114, 112, 111, 114, 116, 105, 111, 110, 0, 0, 0, 0, 0, 0, 0)",4,4,True
Drachenlenker,German,"(68, 114, 97, 99, 104, 101, 110, 108, 101, 110, 107, 101, 114, 0, 0, 0, 0, 0, 0, 0)",4,4,True
Überaugenwülste,German,"(220, 98, 101, 114, 97, 117, 103, 101, 110, 119, 252, 108, 115, 116, 101, 0, 0, 0, 0, 0)",4,4,True
Hanfstängels,German,"(72, 97, 110, 102, 115, 116, 228, 110, 103, 101, 108, 115, 0, 0, 0, 0, 0, 0, 0, 0)",4,4,True
Zeitsatz,German,"(90, 101, 105, 116, 115, 97, 116, 122, 0, 0, 0, 0, 0, 0, 0, 0, 0, 0, 0, 0)",4,4,True
coloquios,Spanish,"(99, 111, 108, 111, 113, 117, 105, 111, 115, 0, 0, 0, 0, 0, 0, 0, 0, 0, 0, 0)",1,1,True
Windeinfallswinkel,German,"(87, 105, 110, 100, 101, 105, 110, 102, 97, 108, 108, 115, 119, 105, 110, 107, 101, 108, 0, 0)",4,4,True
Giftgefahr,German,"(71, 105, 102, 116, 103, 101, 102, 97, 104, 114, 0, 0, 0, 0, 0, 0, 0, 0, 0, 0)",4,4,True
herangehend,German,"(104, 101, 114, 97, 110, 103, 101, 104, 101, 110, 100, 0, 0, 0, 0, 0, 0, 0, 0, 0)",4,4,True
refugiáis,Spanish,"(114, 101, 102, 117, 103, 105, 225, 105, 115, 0, 0, 0, 0, 0, 0, 0, 0, 0, 0, 0)",1,1,True
Stoffplan,German,"(83, 116, 111, 102, 102, 112, 108, 97, 110, 0, 0, 0, 0, 0, 0, 0, 0, 0, 0, 0)",4,4,True
Dirigentenstuhls,German,"(68, 105, 114, 105, 103, 101, 110, 116, 101, 110, 115, 116, 117, 104, 108, 115, 0, 0, 0, 0)",4,4,True
Zugschlitten,German,"(90, 117, 103, 115, 99, 104, 108, 105, 116, 116, 101, 110, 0, 0, 0, 0, 0, 0, 0, 0)",4,4,True
cremaran,Spanish,"(99, 114, 101, 109, 97, 114, 97, 110, 0, 0, 0, 0, 0, 0, 0, 0, 0, 0, 0, 0)",1,1,True
Dünndarmzelle,German,"(68, 252, 110, 110, 100, 97, 114, 109, 122, 101, 108, 108, 101, 0, 0, 0, 0, 0, 0, 0)",4,4,True
contrapelar,Spanish,"(99, 111, 110, 116, 114, 97, 112, 101, 108, 97, 114, 0, 0, 0, 0, 0, 0, 0, 0, 0)",1,1,True
pordiosee,Spanish,"(112, 111, 114, 100, 105, 111, 115, 101, 101, 0, 0, 0, 0, 0, 0, 0, 0, 0, 0, 0)",1,1,True
equivalentemente,Spanish,"(101, 113, 117, 105, 118, 97, 108, 101, 110, 116, 101, 109, 101, 110, 116, 101, 0, 0, 0, 0)",1,4,False
prestigio,Spanish,"(112, 114, 101, 115, 116, 105, 103, 105, 111, 0, 0, 0, 0, 0, 0, 0, 0, 0, 0, 0)",1,4,False
púdico,Spanish,"(112, 250, 100, 105, 99, 111, 0, 0, 0, 0, 0, 0, 0, 0, 0, 0, 0, 0, 0, 0)",1,1,True
keltischer,German,"(107, 101, 108, 116, 105, 115, 99, 104, 101, 114, 0, 0, 0, 0, 0, 0, 0, 0, 0, 0)",4,4,True
llegado,Spanish,"(108, 108, 101, 103, 97, 100, 111, 0, 0, 0, 0, 0, 0, 0, 0, 0, 0, 0, 0, 0)",1,1,True
disertaran,Spanish,"(100, 105, 115, 101, 114, 116, 97, 114, 97, 110, 0, 0, 0, 0, 0, 0, 0, 0, 0, 0)",1,1,True
capituleas,Spanish,"(99, 97, 112, 105, 116, 117, 108, 101, 97, 115, 0, 0, 0, 0, 0, 0, 0, 0, 0, 0)",1,1,True
Eisverstärkung,German,"(69, 105, 115, 118, 101, 114, 115, 116, 228, 114, 107, 117, 110, 103, 0, 0, 0, 0, 0, 0)",4,4,True
finamos,Spanish,"(102, 105, 110, 97, 109, 111, 115, 0, 0, 0, 0, 0, 0, 0, 0, 0, 0, 0, 0, 0)",1,1,True
Kabinettsakten,German,"(75, 97, 98, 105, 110, 101, 116, 116, 115, 97, 107, 116, 101, 110, 0, 0, 0, 0, 0, 0)",4,4,True
herüberbemühst,German,"(104, 101, 114, 252, 98, 101, 114, 98, 101, 109, 252, 104, 115, 116, 0, 0, 0, 0, 0, 0)",4,4,True
logrearían,Spanish,"(108, 111, 103, 114, 101, 97, 114, 237, 97, 110, 0, 0, 0, 0, 0, 0, 0, 0, 0, 0)",1,1,True
Immunorganen,German,"(73, 109, 109, 117, 110, 111, 114, 103, 97, 110, 101, 110, 0, 0, 0, 0, 0, 0, 0, 0)",4,4,True
empedrarían,Spanish,"(101, 109, 112, 101, 100, 114, 97, 114, 237, 97, 110, 0, 0, 0, 0, 0, 0, 0, 0, 0)",1,1,True
Festspielpublikums,German,"(70, 101, 115, 116, 115, 112, 105, 101, 108, 112, 117, 98, 108, 105, 107, 117, 109, 115, 0, 0)",4,4,True
tambaleábamos,Spanish,"(116, 97, 109, 98, 97, 108, 101, 225, 98, 97, 109, 111, 115, 0, 0, 0, 0, 0, 0, 0)",1,1,True
Graslandgruppen,German,"(71, 114, 97, 115, 108, 97, 110, 100, 103, 114, 117, 112, 112, 101, 110, 0, 0, 0, 0, 0)",4,4,True
adentrabas,Spanish,"(97, 100, 101, 110, 116, 114, 97, 98, 97, 115, 0, 0, 0, 0, 0, 0, 0, 0, 0, 0)",1,1,True
nominativamente,Spanish,"(110, 111, 109, 105, 110, 97, 116, 105, 118, 97, 109, 101, 110, 116, 101, 0, 0, 0, 0, 0)",1,1,True
costearíamos,Spanish,"(99, 111, 115, 116, 101, 97, 114, 237, 97, 109, 111, 115, 0, 0, 0, 0, 0, 0, 0, 0)",1,1,True
Beckenkrug,German,"(66, 101, 99, 107, 101, 110, 107, 114, 117, 103, 0, 0, 0, 0, 0, 0, 0, 0, 0, 0)",4,4,True
Durchgangstüren,German,"(68, 117, 114, 99, 104, 103, 97, 110, 103, 115, 116, 252, 114, 101, 110, 0, 0, 0, 0, 0)",4,4,True
amansaste,Spanish,"(97, 109, 97, 110, 115, 97, 115, 116, 101, 0, 0, 0, 0, 0, 0, 0, 0, 0, 0, 0)",1,1,True
Steuerhöchstsätze,German,"(83, 116, 101, 117, 101, 114, 104, 246, 99, 104, 115, 116, 115, 228, 116, 122, 101, 0, 0, 0)",4,4,True
currando,Spanish,"(99, 117, 114, 114, 97, 110, 100, 111, 0, 0, 0, 0, 0, 0, 0, 0, 0, 0, 0, 0)",1,1,True
filantrópicamente,Spanish,"(102, 105, 108, 97, 110, 116, 114, 243, 112, 105, 99, 97, 109, 101, 110, 116, 101, 0, 0, 0)",1,4,False
agrumé,Spanish,"(97, 103, 114, 117, 109, 233, 0, 0, 0, 0, 0, 0, 0, 0, 0, 0, 0, 0, 0, 0)",1,1,True
Wunschmeinung,German,"(87, 117, 110, 115, 99, 104, 109, 101, 105, 110, 117, 110, 103, 0, 0, 0, 0, 0, 0, 0)",4,4,True
verschleudere,German,"(118, 101, 114, 115, 99, 104, 108, 101, 117, 100, 101, 114, 101, 0, 0, 0, 0, 0, 0, 0)",4,4,True
monumentalisierenden,German,"(109, 111, 110, 117, 109, 101, 110, 116, 97, 108, 105, 115, 105, 101, 114, 101, 110, 100, 101, 110)",4,4,True
Spionagefilmchens,German,"(83, 112, 105, 111, 110, 97, 103, 101, 102, 105, 108, 109, 99, 104, 101, 110, 115, 0, 0, 0)",4,4,True
detalladamente,Spanish,"(100, 101, 116, 97, 108, 108, 97, 100, 97, 109, 101, 110, 116, 101, 0, 0, 0, 0, 0, 0)",1,1,True
oscuridades,Spanish,"(111, 115, 99, 117, 114, 105, 100, 97, 100, 101, 115, 0, 0, 0, 0, 0, 0, 0, 0, 0)",1,1,True
mediarás,Spanish,"(109, 101, 100, 105, 97, 114, 225, 115, 0, 0, 0, 0, 0, 0, 0, 0, 0, 0, 0, 0)",1,1,True
klemmte,German,"(107, 108, 101, 109, 109, 116, 101, 0, 0, 0, 0, 0, 0, 0, 0, 0, 0, 0, 0, 0)",4,4,True
Literaturbereichs,German,"(76, 105, 116, 101, 114, 97, 116, 117, 114, 98, 101, 114, 101, 105, 99, 104, 115, 0, 0, 0)",4,4,True
carian,Spanish,"(99, 97, 114, 105, 97, 110, 0, 0, 0, 0, 0, 0, 0, 0, 0, 0, 0, 0, 0, 0)",1,1,True
Schirmgriffe,German,"(83, 99, 104, 105, 114, 109, 103, 114, 105, 102, 102, 101, 0, 0, 0, 0, 0, 0, 0, 0)",4,4,True
Fischerzelt,German,"(70, 105, 115, 99, 104, 101, 114, 122, 101, 108, 116, 0, 0, 0, 0, 0, 0, 0, 0, 0)",4,4,True
pandéense,Spanish,"(112, 97, 110, 100, 233, 101, 110, 115, 101, 0, 0, 0, 0, 0, 0, 0, 0, 0, 0, 0)",1,1,True
hinstreue,German,"(104, 105, 110, 115, 116, 114, 101, 117, 101, 0, 0, 0, 0, 0, 0, 0, 0, 0, 0, 0)",4,4,True
martirios,Spanish,"(109, 97, 114, 116, 105, 114, 105, 111, 115, 0, 0, 0, 0, 0, 0, 0, 0, 0, 0, 0)",1,1,True
tañías,Spanish,"(116, 97, 241, 237, 97, 115, 0, 0, 0, 0, 0, 0, 0, 0, 0, 0, 0, 0, 0, 0)",1,1,True
empalarais,Spanish,"(101, 109, 112, 97, 108, 97, 114, 97, 105, 115, 0, 0, 0, 0, 0, 0, 0, 0, 0, 0)",1,1,True
Massenausweisung,German,"(77, 97, 115, 115, 101, 110, 97, 117, 115, 119, 101, 105, 115, 117, 110, 103, 0, 0, 0, 0)",4,4,True
Bedienablaufes,German,"(66, 101, 100, 105, 101, 110, 97, 98, 108, 97, 117, 102, 101, 115, 0, 0, 0, 0, 0, 0)",4,4,True
Identitätsbegriffs,German,"(73, 100, 101, 110, 116, 105, 116, 228, 116, 115, 98, 101, 103, 114, 105, 102, 102, 115, 0, 0)",4,4,True
Barcodescanners,German,"(66, 97, 114, 99, 111, 100, 101, 115, 99, 97, 110, 110, 101, 114, 115, 0, 0, 0, 0, 0)",4,4,True
Entspannungszonen,German,"(69, 110, 116, 115, 112, 97, 110, 110, 117, 110, 103, 115, 122, 111, 110, 101, 110, 0, 0, 0)",4,4,True
Empfängerpuffers,German,"(69, 109, 112, 102, 228, 110, 103, 101, 114, 112, 117, 102, 102, 101, 114, 115, 0, 0, 0, 0)",4,4,True
prohibir,Spanish,"(112, 114, 111, 104, 105, 98, 105, 114, 0, 0, 0, 0, 0, 0, 0, 0, 0, 0, 0, 0)",1,1,True
Hardcorefan,German,"(72, 97, 114, 100, 99, 111, 114, 101, 102, 97, 110, 0, 0, 0, 0, 0, 0, 0, 0, 0)",4,4,True
concentráis,Spanish,"(99, 111, 110, 99, 101, 110, 116, 114, 225, 105, 115, 0, 0, 0, 0, 0, 0, 0, 0, 0)",1,1,True
Feinbäckerin,German,"(70, 101, 105, 110, 98, 228, 99, 107, 101, 114, 105, 110, 0, 0, 0, 0, 0, 0, 0, 0)",4,4,True
Eiswelten,German,"(69, 105, 115, 119, 101, 108, 116, 101, 110, 0, 0, 0, 0, 0, 0, 0, 0, 0, 0, 0)",4,4,True
Dreamteam,German,"(68, 114, 101, 97, 109, 116, 101, 97, 109, 0, 0, 0, 0, 0, 0, 0, 0, 0, 0, 0)",4,4,True
Behälterzuges,German,"(66, 101, 104, 228, 108, 116, 101, 114, 122, 117, 103, 101, 115, 0, 0, 0, 0, 0, 0, 0)",4,4,True
tuteábamos,Spanish,"(116, 117, 116, 101, 225, 98, 97, 109, 111, 115, 0, 0, 0, 0, 0, 0, 0, 0, 0, 0)",1,1,True
idealistas,Spanish,"(105, 100, 101, 97, 108, 105, 115, 116, 97, 115, 0, 0, 0, 0, 0, 0, 0, 0, 0, 0)",1,1,True
Kleinkreuze,German,"(75, 108, 101, 105, 110, 107, 114, 101, 117, 122, 101, 0, 0, 0, 0, 0, 0, 0, 0, 0)",4,4,True
Neugrade,German,"(78, 101, 117, 103, 114, 97, 100, 101, 0, 0, 0, 0, 0, 0, 0, 0, 0, 0, 0, 0)",4,4,True
Datenkonferenzen,German,"(68, 97, 116, 101, 110, 107, 111, 110, 102, 101, 114, 101, 110, 122, 101, 110, 0, 0, 0, 0)",4,4,True
textliches,German,"(116, 101, 120, 116, 108, 105, 99, 104, 101, 115, 0, 0, 0, 0, 0, 0, 0, 0, 0, 0)",4,1,False
conmemoráramos,Spanish,"(99, 111, 110, 109, 101, 109, 111, 114, 225, 114, 97, 109, 111, 115, 0, 0, 0, 0, 0, 0)",1,1,True
vorwärtsrollst,German,"(118, 111, 114, 119, 228, 114, 116, 115, 114, 111, 108, 108, 115, 116, 0, 0, 0, 0, 0, 0)",4,4,True
psicodélica,Spanish,"(112, 115, 105, 99, 111, 100, 233, 108, 105, 99, 97, 0, 0, 0, 0, 0, 0, 0, 0, 0)",1,1,True
Angriffsbewegung,German,"(65, 110, 103, 114, 105, 102, 102, 115, 98, 101, 119, 101, 103, 117, 110, 103, 0, 0, 0, 0)",4,4,True
Tool,German,"(84, 111, 111, 108, 0, 0, 0, 0, 0, 0, 0, 0, 0, 0, 0, 0, 0, 0, 0, 0)",4,4,True
perdierais,Spanish,"(112, 101, 114, 100, 105, 101, 114, 97, 105, 115, 0, 0, 0, 0, 0, 0, 0, 0, 0, 0)",1,1,True
copioso,Spanish,"(99, 111, 112, 105, 111, 115, 111, 0, 0, 0, 0, 0, 0, 0, 0, 0, 0, 0, 0, 0)",1,1,True
urbanas,Spanish,"(117, 114, 98, 97, 110, 97, 115, 0, 0, 0, 0, 0, 0, 0, 0, 0, 0, 0, 0, 0)",1,1,True
Maisprungs,German,"(77, 97, 105, 115, 112, 114, 117, 110, 103, 115, 0, 0, 0, 0, 0, 0, 0, 0, 0, 0)",4,4,True
schanghaiende,German,"(115, 99, 104, 97, 110, 103, 104, 97, 105, 101, 110, 100, 101, 0, 0, 0, 0, 0, 0, 0)",4,4,True
relevábamos,Spanish,"(114, 101, 108, 101, 118, 225, 98, 97, 109, 111, 115, 0, 0, 0, 0, 0, 0, 0, 0, 0)",1,1,True
compuesta,Spanish,"(99, 111, 109, 112, 117, 101, 115, 116, 97, 0, 0, 0, 0, 0, 0, 0, 0, 0, 0, 0)",1,1,True
participaron,Spanish,"(112, 97, 114, 116, 105, 99, 105, 112, 97, 114, 111, 110, 0, 0, 0, 0, 0, 0, 0, 0)",1,1,True
Heimatstaat,German,"(72, 101, 105, 109, 97, 116, 115, 116, 97, 97, 116, 0, 0, 0, 0, 0, 0, 0, 0, 0)",4,4,True
aplazasteis,Spanish,"(97, 112, 108, 97, 122, 97, 115, 116, 101, 105, 115, 0, 0, 0, 0, 0, 0, 0, 0, 0)",1,1,True
pertenezcan,Spanish,"(112, 101, 114, 116, 101, 110, 101, 122, 99, 97, 110, 0, 0, 0, 0, 0, 0, 0, 0, 0)",1,1,True
Elektronenpaar,German,"(69, 108, 101, 107, 116, 114, 111, 110, 101, 110, 112, 97, 97, 114, 0, 0, 0, 0, 0, 0)",4,4,True
Kriminalautoren,German,"(75, 114, 105, 109, 105, 110, 97, 108, 97, 117, 116, 111, 114, 101, 110, 0, 0, 0, 0, 0)",4,4,True
unfeinster,German,"(117, 110, 102, 101, 105, 110, 115, 116, 101, 114, 0, 0, 0, 0, 0, 0, 0, 0, 0, 0)",4,4,True
Lungenknospe,German,"(76, 117, 110, 103, 101, 110, 107, 110, 111, 115, 112, 101, 0, 0, 0, 0, 0, 0, 0, 0)",4,4,True
Segelmeisterin,German,"(83, 101, 103, 101, 108, 109, 101, 105, 115, 116, 101, 114, 105, 110, 0, 0, 0, 0, 0, 0)",4,4,True
Verwaltungsvorgängen,German,"(86, 101, 114, 119, 97, 108, 116, 117, 110, 103, 115, 118, 111, 114, 103, 228, 110, 103, 101, 110)",4,4,True
volear,Spanish,"(118, 111, 108, 101, 97, 114, 0, 0, 0, 0, 0, 0, 0, 0, 0, 0, 0, 0, 0, 0)",1,1,True
desenroscara,Spanish,"(100, 101, 115, 101, 110, 114, 111, 115, 99, 97, 114, 97, 0, 0, 0, 0, 0, 0, 0, 0)",1,1,True
Hautschutzmittels,German,"(72, 97, 117, 116, 115, 99, 104, 117, 116, 122, 109, 105, 116, 116, 101, 108, 115, 0, 0, 0)",4,4,True
actualidad,Spanish,"(97, 99, 116, 117, 97, 108, 105, 100, 97, 100, 0, 0, 0, 0, 0, 0, 0, 0, 0, 0)",1,1,True
agradaríamos,Spanish,"(97, 103, 114, 97, 100, 97, 114, 237, 97, 109, 111, 115, 0, 0, 0, 0, 0, 0, 0, 0)",1,1,True
Programmlader,German,"(80, 114, 111, 103, 114, 97, 109, 109, 108, 97, 100, 101, 114, 0, 0, 0, 0, 0, 0, 0)",4,4,True
circunscribís,Spanish,"(99, 105, 114, 99, 117, 110, 115, 99, 114, 105, 98, 237, 115, 0, 0, 0, 0, 0, 0, 0)",1,1,True
descarriaba,Spanish,"(100, 101, 115, 99, 97, 114, 114, 105, 97, 98, 97, 0, 0, 0, 0, 0, 0, 0, 0, 0)",1,1,True
Senatsvorsitzenden,German,"(83, 101, 110, 97, 116, 115, 118, 111, 114, 115, 105, 116, 122, 101, 110, 100, 101, 110, 0, 0)",4,4,True
calibraremos,Spanish,"(99, 97, 108, 105, 98, 114, 97, 114, 101, 109, 111, 115, 0, 0, 0, 0, 0, 0, 0, 0)",1,1,True
zarpará,Spanish,"(122, 97, 114, 112, 97, 114, 225, 0, 0, 0, 0, 0, 0, 0, 0, 0, 0, 0, 0, 0)",1,1,True
preponderancias,Spanish,"(112, 114, 101, 112, 111, 110, 100, 101, 114, 97, 110, 99, 105, 97, 115, 0, 0, 0, 0, 0)",1,4,False
tumores,Spanish,"(116, 117, 109, 111, 114, 101, 115, 0, 0, 0, 0, 0, 0, 0, 0, 0, 0, 0, 0, 0)",1,1,True
Unterkiefereckzahns,German,"(85, 110, 116, 101, 114, 107, 105, 101, 102, 101, 114, 101, 99, 107, 122, 97, 104, 110, 115, 0)",4,4,True
adolescencias,Spanish,"(97, 100, 111, 108, 101, 115, 99, 101, 110, 99, 105, 97, 115, 0, 0, 0, 0, 0, 0, 0)",1,1,True
Abhörwinkel,German,"(65, 98, 104, 246, 114, 119, 105, 110, 107, 101, 108, 0, 0, 0, 0, 0, 0, 0, 0, 0)",4,4,True
Rasierschalen,German,"(82, 97, 115, 105, 101, 114, 115, 99, 104, 97, 108, 101, 110, 0, 0, 0, 0, 0, 0, 0)",4,4,True
überbetontest,German,"(252, 98, 101, 114, 98, 101, 116, 111, 110, 116, 101, 115, 116, 0, 0, 0, 0, 0, 0, 0)",4,4,True
Handrührgerät,German,"(72, 97, 110, 100, 114, 252, 104, 114, 103, 101, 114, 228, 116, 0, 0, 0, 0, 0, 0, 0)",4,4,True
Häusertrümmer,German,"(72, 228, 117, 115, 101, 114, 116, 114, 252, 109, 109, 101, 114, 0, 0, 0, 0, 0, 0, 0)",4,4,True
Prößdorf,German,"(80, 114, 246, 223, 100, 111, 114, 102, 0, 0, 0, 0, 0, 0, 0, 0, 0, 0, 0, 0)",4,4,True
Zauberposse,German,"(90, 97, 117, 98, 101, 114, 112, 111, 115, 115, 101, 0, 0, 0, 0, 0, 0, 0, 0, 0)",4,4,True
Zigarrenrauchen,German,"(90, 105, 103, 97, 114, 114, 101, 110, 114, 97, 117, 99, 104, 101, 110, 0, 0, 0, 0, 0)",4,4,True
delación,Spanish,"(100, 101, 108, 97, 99, 105, 243, 110, 0, 0, 0, 0, 0, 0, 0, 0, 0, 0, 0, 0)",1,1,True
abzuformenden,German,"(97, 98, 122, 117, 102, 111, 114, 109, 101, 110, 100, 101, 110, 0, 0, 0, 0, 0, 0, 0)",4,4,True
Mutterfamilien,German,"(77, 117, 116, 116, 101, 114, 102, 97, 109, 105, 108, 105, 101, 110, 0, 0, 0, 0, 0, 0)",4,4,True
condicionabais,Spanish,"(99, 111, 110, 100, 105, 99, 105, 111, 110, 97, 98, 97, 105, 115, 0, 0, 0, 0, 0, 0)",1,1,True
entretejas,Spanish,"(101, 110, 116, 114, 101, 116, 101, 106, 97, 115, 0, 0, 0, 0, 0, 0, 0, 0, 0, 0)",1,1,True
ruborizaste,Spanish,"(114, 117, 98, 111, 114, 105, 122, 97, 115, 116, 101, 0, 0, 0, 0, 0, 0, 0, 0, 0)",1,1,True
Kopfläusen,German,"(75, 111, 112, 102, 108, 228, 117, 115, 101, 110, 0, 0, 0, 0, 0, 0, 0, 0, 0, 0)",4,4,True
Zuchthausurteilen,German,"(90, 117, 99, 104, 116, 104, 97, 117, 115, 117, 114, 116, 101, 105, 108, 101, 110, 0, 0, 0)",4,4,True
Kabinettsvorlage,German,"(75, 97, 98, 105, 110, 101, 116, 116, 115, 118, 111, 114, 108, 97, 103, 101, 0, 0, 0, 0)",4,4,True
coyunturales,Spanish,"(99, 111, 121, 117, 110, 116, 117, 114, 97, 108, 101, 115, 0, 0, 0, 0, 0, 0, 0, 0)",1,1,True
trataran,Spanish,"(116, 114, 97, 116, 97, 114, 97, 110, 0, 0, 0, 0, 0, 0, 0, 0, 0, 0, 0, 0)",1,1,True
Kaschmirwolle,German,"(75, 97, 115, 99, 104, 109, 105, 114, 119, 111, 108, 108, 101, 0, 0, 0, 0, 0, 0, 0)",4,4,True
Verbandsklagen,German,"(86, 101, 114, 98, 97, 110, 100, 115, 107, 108, 97, 103, 101, 110, 0, 0, 0, 0, 0, 0)",4,4,True
hinuntergeschlucktes,German,"(104, 105, 110, 117, 110, 116, 101, 114, 103, 101, 115, 99, 104, 108, 117, 99, 107, 116, 101, 115)",4,4,True
Bürohilfen,German,"(66, 252, 114, 111, 104, 105, 108, 102, 101, 110, 0, 0, 0, 0, 0, 0, 0, 0, 0, 0)",4,4,True
Anrufvorrichtung,German,"(65, 110, 114, 117, 102, 118, 111, 114, 114, 105, 99, 104, 116, 117, 110, 103, 0, 0, 0, 0)",4,4,True
Edelsteinbörsen,German,"(69, 100, 101, 108, 115, 116, 101, 105, 110, 98, 246, 114, 115, 101, 110, 0, 0, 0, 0, 0)",4,4,True
bisectormente,Spanish,"(98, 105, 115, 101, 99, 116, 111, 114, 109, 101, 110, 116, 101, 0, 0, 0, 0, 0, 0, 0)",1,4,False
patrocinemos,Spanish,"(112, 97, 116, 114, 111, 99, 105, 110, 101, 109, 111, 115, 0, 0, 0, 0, 0, 0, 0, 0)",1,1,True
einzuführen,German,"(101, 105, 110, 122, 117, 102, 252, 104, 114, 101, 110, 0, 0, 0, 0, 0, 0, 0, 0, 0)",4,4,True
Paketmachers,German,"(80, 97, 107, 101, 116, 109, 97, 99, 104, 101, 114, 115, 0, 0, 0, 0, 0, 0, 0, 0)",4,4,True
Eckzwickel,German,"(69, 99, 107, 122, 119, 105, 99, 107, 101, 108, 0, 0, 0, 0, 0, 0, 0, 0, 0, 0)",4,4,True
repugnad,Spanish,"(114, 101, 112, 117, 103, 110, 97, 100, 0, 0, 0, 0, 0, 0, 0, 0, 0, 0, 0, 0)",1,1,True
Jugendsoziologie,German,"(74, 117, 103, 101, 110, 100, 115, 111, 122, 105, 111, 108, 111, 103, 105, 101, 0, 0, 0, 0)",4,4,True
spielen,German,"(115, 112, 105, 101, 108, 101, 110, 0, 0, 0, 0, 0, 0, 0, 0, 0, 0, 0, 0, 0)",4,1,False
evapore,Spanish,"(101, 118, 97, 112, 111, 114, 101, 0, 0, 0, 0, 0, 0, 0, 0, 0, 0, 0, 0, 0)",1,1,True
anisaríamos,Spanish,"(97, 110, 105, 115, 97, 114, 237, 97, 109, 111, 115, 0, 0, 0, 0, 0, 0, 0, 0, 0)",1,1,True
selbstentzündliche,German,"(115, 101, 108, 98, 115, 116, 101, 110, 116, 122, 252, 110, 100, 108, 105, 99, 104, 101, 0, 0)",4,4,True
adquirimos,Spanish,"(97, 100, 113, 117, 105, 114, 105, 109, 111, 115, 0, 0, 0, 0, 0, 0, 0, 0, 0, 0)",1,1,True
Spezialchip,German,"(83, 112, 101, 122, 105, 97, 108, 99, 104, 105, 112, 0, 0, 0, 0, 0, 0, 0, 0, 0)",4,4,True
Zeitzeugeninterviews,German,"(90, 101, 105, 116, 122, 101, 117, 103, 101, 110, 105, 110, 116, 101, 114, 118, 105, 101, 119, 115)",4,4,True
Mittelpatrone,German,"(77, 105, 116, 116, 101, 108, 112, 97, 116, 114, 111, 110, 101, 0, 0, 0, 0, 0, 0, 0)",4,4,True
desconocedoras,Spanish,"(100, 101, 115, 99, 111, 110, 111, 99, 101, 100, 111, 114, 97, 115, 0, 0, 0, 0, 0, 0)",1,1,True
proporciono,Spanish,"(112, 114, 111, 112, 111, 114, 99, 105, 111, 110, 111, 0, 0, 0, 0, 0, 0, 0, 0, 0)",1,1,True
disgustará,Spanish,"(100, 105, 115, 103, 117, 115, 116, 97, 114, 225, 0, 0, 0, 0, 0, 0, 0, 0, 0, 0)",1,1,True
volgas,Spanish,"(118, 111, 108, 103, 97, 115, 0, 0, 0, 0, 0, 0, 0, 0, 0, 0, 0, 0, 0, 0)",1,1,True
kompensierst,German,"(107, 111, 109, 112, 101, 110, 115, 105, 101, 114, 115, 116, 0, 0, 0, 0, 0, 0, 0, 0)",4,4,True
kategorial,German,"(107, 97, 116, 101, 103, 111, 114, 105, 97, 108, 0, 0, 0, 0, 0, 0, 0, 0, 0, 0)",4,4,True
inspecciona,Spanish,"(105, 110, 115, 112, 101, 99, 99, 105, 111, 110, 97, 0, 0, 0, 0, 0, 0, 0, 0, 0)",1,1,True
ficharías,Spanish,"(102, 105, 99, 104, 97, 114, 237, 97, 115, 0, 0, 0, 0, 0, 0, 0, 0, 0, 0, 0)",1,1,True
destruía,Spanish,"(100, 101, 115, 116, 114, 117, 237, 97, 0, 0, 0, 0, 0, 0, 0, 0, 0, 0, 0, 0)",1,1,True
Himmelssituation,German,"(72, 105, 109, 109, 101, 108, 115, 115, 105, 116, 117, 97, 116, 105, 111, 110, 0, 0, 0, 0)",4,4,True
desentenderán,Spanish,"(100, 101, 115, 101, 110, 116, 101, 110, 100, 101, 114, 225, 110, 0, 0, 0, 0, 0, 0, 0)",1,4,False
Einzelprokurist,German,"(69, 105, 110, 122, 101, 108, 112, 114, 111, 107, 117, 114, 105, 115, 116, 0, 0, 0, 0, 0)",4,4,True
Landesuntersuchung,German,"(76, 97, 110, 100, 101, 115, 117, 110, 116, 101, 114, 115, 117, 99, 104, 117, 110, 103, 0, 0)",4,4,True
reunimos,Spanish,"(114, 101, 117, 110, 105, 109, 111, 115, 0, 0, 0, 0, 0, 0, 0, 0, 0, 0, 0, 0)",1,1,True
gefabelt,German,"(103, 101, 102, 97, 98, 101, 108, 116, 0, 0, 0, 0, 0, 0, 0, 0, 0, 0, 0, 0)",4,4,True
Arbeitsanalysen,German,"(65, 114, 98, 101, 105, 116, 115, 97, 110, 97, 108, 121, 115, 101, 110, 0, 0, 0, 0, 0)",4,4,True
merecíamos,Spanish,"(109, 101, 114, 101, 99, 237, 97, 109, 111, 115, 0, 0, 0, 0, 0, 0, 0, 0, 0, 0)",1,1,True
Zielkunde,German,"(90, 105, 101, 108, 107, 117, 110, 100, 101, 0, 0, 0, 0, 0, 0, 0, 0, 0, 0, 0)",4,4,True
decámetros,Spanish,"(100, 101, 99, 225, 109, 101, 116, 114, 111, 115, 0, 0, 0, 0, 0, 0, 0, 0, 0, 0)",1,1,True
Kulturschaffenden,German,"(75, 117, 108, 116, 117, 114, 115, 99, 104, 97, 102, 102, 101, 110, 100, 101, 110, 0, 0, 0)",4,4,True
fabrikfrisch,German,"(102, 97, 98, 114, 105, 107, 102, 114, 105, 115, 99, 104, 0, 0, 0, 0, 0, 0, 0, 0)",4,4,True
Bedienknopf,German,"(66, 101, 100, 105, 101, 110, 107, 110, 111, 112, 102, 0, 0, 0, 0, 0, 0, 0, 0, 0)",4,4,True
auparé,Spanish,"(97, 117, 112, 97, 114, 233, 0, 0, 0, 0, 0, 0, 0, 0, 0, 0, 0, 0, 0, 0)",1,1,True
asexuellen,German,"(97, 115, 101, 120, 117, 101, 108, 108, 101, 110, 0, 0, 0, 0, 0, 0, 0, 0, 0, 0)",4,4,True
Zuschusterns,German,"(90, 117, 115, 99, 104, 117, 115, 116, 101, 114, 110, 115, 0, 0, 0, 0, 0, 0, 0, 0)",4,4,True
Einzelpilot,German,"(69, 105, 110, 122, 101, 108, 112, 105, 108, 111, 116, 0, 0, 0, 0, 0, 0, 0, 0, 0)",4,4,True
estoquearé,Spanish,"(101, 115, 116, 111, 113, 117, 101, 97, 114, 233, 0, 0, 0, 0, 0, 0, 0, 0, 0, 0)",1,1,True
Grafengeschlechter,German,"(71, 114, 97, 102, 101, 110, 103, 101, 115, 99, 104, 108, 101, 99, 104, 116, 101, 114, 0, 0)",4,4,True
Brustfellüberzug,German,"(66, 114, 117, 115, 116, 102, 101, 108, 108, 252, 98, 101, 114, 122, 117, 103, 0, 0, 0, 0)",4,4,True
adverasteis,Spanish,"(97, 100, 118, 101, 114, 97, 115, 116, 101, 105, 115, 0, 0, 0, 0, 0, 0, 0, 0, 0)",1,1,True
Springwurmwickler,German,"(83, 112, 114, 105, 110, 103, 119, 117, 114, 109, 119, 105, 99, 107, 108, 101, 114, 0, 0, 0)",4,4,True
Datenbankteils,German,"(68, 97, 116, 101, 110, 98, 97, 110, 107, 116, 101, 105, 108, 115, 0, 0, 0, 0, 0, 0)",4,4,True
Veilchenlikör,German,"(86, 101, 105, 108, 99, 104, 101, 110, 108, 105, 107, 246, 114, 0, 0, 0, 0, 0, 0, 0)",4,4,True
Störkontakten,German,"(83, 116, 246, 114, 107, 111, 110, 116, 97, 107, 116, 101, 110, 0, 0, 0, 0, 0, 0, 0)",4,4,True
einbeiniges,German,"(101, 105, 110, 98, 101, 105, 110, 105, 103, 101, 115, 0, 0, 0, 0, 0, 0, 0, 0, 0)",4,1,False
Tribadie,German,"(84, 114, 105, 98, 97, 100, 105, 101, 0, 0, 0, 0, 0, 0, 0, 0, 0, 0, 0, 0)",4,4,True
Schulnöte,German,"(83, 99, 104, 117, 108, 110, 246, 116, 101, 0, 0, 0, 0, 0, 0, 0, 0, 0, 0, 0)",4,4,True
polizones,Spanish,"(112, 111, 108, 105, 122, 111, 110, 101, 115, 0, 0, 0, 0, 0, 0, 0, 0, 0, 0, 0)",1,1,True
Waschtischmischer,German,"(87, 97, 115, 99, 104, 116, 105, 115, 99, 104, 109, 105, 115, 99, 104, 101, 114, 0, 0, 0)",4,4,True
Zwischenebenen,German,"(90, 119, 105, 115, 99, 104, 101, 110, 101, 98, 101, 110, 101, 110, 0, 0, 0, 0, 0, 0)",4,4,True
permanezca,Spanish,"(112, 101, 114, 109, 97, 110, 101, 122, 99, 97, 0, 0, 0, 0, 0, 0, 0, 0, 0, 0)",1,1,True
Berichtsgeneratoren,German,"(66, 101, 114, 105, 99, 104, 116, 115, 103, 101, 110, 101, 114, 97, 116, 111, 114, 101, 110, 0)",4,4,True
Laufglasuren,German,"(76, 97, 117, 102, 103, 108, 97, 115, 117, 114, 101, 110, 0, 0, 0, 0, 0, 0, 0, 0)",4,4,True
depravaba,Spanish,"(100, 101, 112, 114, 97, 118, 97, 98, 97, 0, 0, 0, 0, 0, 0, 0, 0, 0, 0, 0)",1,1,True
pifian,Spanish,"(112, 105, 102, 105, 97, 110, 0, 0, 0, 0, 0, 0, 0, 0, 0, 0, 0, 0, 0, 0)",1,1,True
entraste,Spanish,"(101, 110, 116, 114, 97, 115, 116, 101, 0, 0, 0, 0, 0, 0, 0, 0, 0, 0, 0, 0)",1,1,True
Feldpullovers,German,"(70, 101, 108, 100, 112, 117, 108, 108, 111, 118, 101, 114, 115, 0, 0, 0, 0, 0, 0, 0)",4,4,True
defragmentiere,German,"(100, 101, 102, 114, 97, 103, 109, 101, 110, 116, 105, 101, 114, 101, 0, 0, 0, 0, 0, 0)",4,4,True
Funkrechten,German,"(70, 117, 110, 107, 114, 101, 99, 104, 116, 101, 110, 0, 0, 0, 0, 0, 0, 0, 0, 0)",4,4,True
Drosselorgane,German,"(68, 114, 111, 115, 115, 101, 108, 111, 114, 103, 97, 110, 101, 0, 0, 0, 0, 0, 0, 0)",4,4,True
aturdiría,Spanish,"(97, 116, 117, 114, 100, 105, 114, 237, 97, 0, 0, 0, 0, 0, 0, 0, 0, 0, 0, 0)",1,1,True
administrar,Spanish,"(97, 100, 109, 105, 110, 105, 115, 116, 114, 97, 114, 0, 0, 0, 0, 0, 0, 0, 0, 0)",1,1,True
talentosos,Spanish,"(116, 97, 108, 101, 110, 116, 111, 115, 111, 115, 0, 0, 0, 0, 0, 0, 0, 0, 0, 0)",1,1,True
acabarais,Spanish,"(97, 99, 97, 98, 97, 114, 97, 105, 115, 0, 0, 0, 0, 0, 0, 0, 0, 0, 0, 0)",1,1,True
constipéis,Spanish,"(99, 111, 110, 115, 116, 105, 112, 233, 105, 115, 0, 0, 0, 0, 0, 0, 0, 0, 0, 0)",1,1,True
Fertigungsingenieurs,German,"(70, 101, 114, 116, 105, 103, 117, 110, 103, 115, 105, 110, 103, 101, 110, 105, 101, 117, 114, 115)",4,4,True
Pottsau,German,"(80, 111, 116, 116, 115, 97, 117, 0, 0, 0, 0, 0, 0, 0, 0, 0, 0, 0, 0, 0)",4,4,True
pitagórico,Spanish,"(112, 105, 116, 97, 103, 243, 114, 105, 99, 111, 0, 0, 0, 0, 0, 0, 0, 0, 0, 0)",1,1,True
Kupfermodelle,German,"(75, 117, 112, 102, 101, 114, 109, 111, 100, 101, 108, 108, 101, 0, 0, 0, 0, 0, 0, 0)",4,4,True
embandere,Spanish,"(101, 109, 98, 97, 110, 100, 101, 114, 101, 0, 0, 0, 0, 0, 0, 0, 0, 0, 0, 0)",1,1,True
flotéis,Spanish,"(102, 108, 111, 116, 233, 105, 115, 0, 0, 0, 0, 0, 0, 0, 0, 0, 0, 0, 0, 0)",1,1,True
Vereinswappen,German,"(86, 101, 114, 101, 105, 110, 115, 119, 97, 112, 112, 101, 110, 0, 0, 0, 0, 0, 0, 0)",4,4,True
confronte,Spanish,"(99, 111, 110, 102, 114, 111, 110, 116, 101, 0, 0, 0, 0, 0, 0, 0, 0, 0, 0, 0)",1,1,True
averiéis,Spanish,"(97, 118, 101, 114, 105, 233, 105, 115, 0, 0, 0, 0, 0, 0, 0, 0, 0, 0, 0, 0)",1,1,True
Verfahrensstoff,German,"(86, 101, 114, 102, 97, 104, 114, 101, 110, 115, 115, 116, 111, 102, 102, 0, 0, 0, 0, 0)",4,4,True
engriáis,Spanish,"(101, 110, 103, 114, 105, 225, 105, 115, 0, 0, 0, 0, 0, 0, 0, 0, 0, 0, 0, 0)",1,1,True
incapacita,Spanish,"(105, 110, 99, 97, 112, 97, 99, 105, 116, 97, 0, 0, 0, 0, 0, 0, 0, 0, 0, 0)",1,1,True
hurgoneéis,Spanish,"(104, 117, 114, 103, 111, 110, 101, 233, 105, 115, 0, 0, 0, 0, 0, 0, 0, 0, 0, 0)",1,1,True
Sprungversuchen,German,"(83, 112, 114, 117, 110, 103, 118, 101, 114, 115, 117, 99, 104, 101, 110, 0, 0, 0, 0, 0)",4,4,True
Modulverkauf,German,"(77, 111, 100, 117, 108, 118, 101, 114, 107, 97, 117, 102, 0, 0, 0, 0, 0, 0, 0, 0)",4,4,True
Trickflug,German,"(84, 114, 105, 99, 107, 102, 108, 117, 103, 0, 0, 0, 0, 0, 0, 0, 0, 0, 0, 0)",4,4,True
zuschmierte,German,"(122, 117, 115, 99, 104, 109, 105, 101, 114, 116, 101, 0, 0, 0, 0, 0, 0, 0, 0, 0)",4,4,True
Ausdrucksorgans,German,"(65, 117, 115, 100, 114, 117, 99, 107, 115, 111, 114, 103, 97, 110, 115, 0, 0, 0, 0, 0)",4,4,True
ungefährlicheren,German,"(117, 110, 103, 101, 102, 228, 104, 114, 108, 105, 99, 104, 101, 114, 101, 110, 0, 0, 0, 0)",4,4,True
telegrafiasteis,Spanish,"(116, 101, 108, 101, 103, 114, 97, 102, 105, 97, 115, 116, 101, 105, 115, 0, 0, 0, 0, 0)",1,1,True
inculquemos,Spanish,"(105, 110, 99, 117, 108, 113, 117, 101, 109, 111, 115, 0, 0, 0, 0, 0, 0, 0, 0, 0)",1,1,True
Zylinderwellen,German,"(90, 121, 108, 105, 110, 100, 101, 114, 119, 101, 108, 108, 101, 110, 0, 0, 0, 0, 0, 0)",4,4,True
desmandarás,Spanish,"(100, 101, 115, 109, 97, 110, 100, 97, 114, 225, 115, 0, 0, 0, 0, 0, 0, 0, 0, 0)",1,1,True
deshilas,Spanish,"(100, 101, 115, 104, 105, 108, 97, 115, 0, 0, 0, 0, 0, 0, 0, 0, 0, 0, 0, 0)",1,1,True
intuía,Spanish,"(105, 110, 116, 117, 237, 97, 0, 0, 0, 0, 0, 0, 0, 0, 0, 0, 0, 0, 0, 0)",1,1,True
conferenciáis,Spanish,"(99, 111, 110, 102, 101, 114, 101, 110, 99, 105, 225, 105, 115, 0, 0, 0, 0, 0, 0, 0)",1,1,True
descendieron,Spanish,"(100, 101, 115, 99, 101, 110, 100, 105, 101, 114, 111, 110, 0, 0, 0, 0, 0, 0, 0, 0)",1,1,True
Zellatmung,German,"(90, 101, 108, 108, 97, 116, 109, 117, 110, 103, 0, 0, 0, 0, 0, 0, 0, 0, 0, 0)",4,4,True
Vakuumimprägnierung,German,"(86, 97, 107, 117, 117, 109, 105, 109, 112, 114, 228, 103, 110, 105, 101, 114, 117, 110, 103, 0)",4,4,True
Mechanikerin,German,"(77, 101, 99, 104, 97, 110, 105, 107, 101, 114, 105, 110, 0, 0, 0, 0, 0, 0, 0, 0)",4,4,True
Sprachgegend,German,"(83, 112, 114, 97, 99, 104, 103, 101, 103, 101, 110, 100, 0, 0, 0, 0, 0, 0, 0, 0)",4,4,True
Wagenfelder,German,"(87, 97, 103, 101, 110, 102, 101, 108, 100, 101, 114, 0, 0, 0, 0, 0, 0, 0, 0, 0)",4,4,True
desmocharían,Spanish,"(100, 101, 115, 109, 111, 99, 104, 97, 114, 237, 97, 110, 0, 0, 0, 0, 0, 0, 0, 0)",1,1,True
agarraras,Spanish,"(97, 103, 97, 114, 114, 97, 114, 97, 115, 0, 0, 0, 0, 0, 0, 0, 0, 0, 0, 0)",1,1,True
Putschversuchen,German,"(80, 117, 116, 115, 99, 104, 118, 101, 114, 115, 117, 99, 104, 101, 110, 0, 0, 0, 0, 0)",4,4,True
überbringen,German,"(252, 98, 101, 114, 98, 114, 105, 110, 103, 101, 110, 0, 0, 0, 0, 0, 0, 0, 0, 0)",4,4,True
Vincenterin,German,"(86, 105, 110, 99, 101, 110, 116, 101, 114, 105, 110, 0, 0, 0, 0, 0, 0, 0, 0, 0)",4,4,True
Dingsymbole,German,"(68, 105, 110, 103, 115, 121, 109, 98, 111, 108, 101, 0, 0, 0, 0, 0, 0, 0, 0, 0)",4,4,True
injerirás,Spanish,"(105, 110, 106, 101, 114, 105, 114, 225, 115, 0, 0, 0, 0, 0, 0, 0, 0, 0, 0, 0)",1,1,True
Hirnschlagader,German,"(72, 105, 114, 110, 115, 99, 104, 108, 97, 103, 97, 100, 101, 114, 0, 0, 0, 0, 0, 0)",4,4,True
Tagelohn,German,"(84, 97, 103, 101, 108, 111, 104, 110, 0, 0, 0, 0, 0, 0, 0, 0, 0, 0, 0, 0)",4,4,True
atiesaras,Spanish,"(97, 116, 105, 101, 115, 97, 114, 97, 115, 0, 0, 0, 0, 0, 0, 0, 0, 0, 0, 0)",1,1,True
prado,Spanish,"(112, 114, 97, 100, 111, 0, 0, 0, 0, 0, 0, 0, 0, 0, 0, 0, 0, 0, 0, 0)",1,1,True
subrepticio,Spanish,"(115, 117, 98, 114, 101, 112, 116, 105, 99, 105, 111, 0, 0, 0, 0, 0, 0, 0, 0, 0)",1,1,True
ausschaltbaren,German,"(97, 117, 115, 115, 99, 104, 97, 108, 116, 98, 97, 114, 101, 110, 0, 0, 0, 0, 0, 0)",4,4,True
atenazaras,Spanish,"(97, 116, 101, 110, 97, 122, 97, 114, 97, 115, 0, 0, 0, 0, 0, 0, 0, 0, 0, 0)",1,1,True
aceitarías,Spanish,"(97, 99, 101, 105, 116, 97, 114, 237, 97, 115, 0, 0, 0, 0, 0, 0, 0, 0, 0, 0)",1,1,True
Mikroträgers,German,"(77, 105, 107, 114, 111, 116, 114, 228, 103, 101, 114, 115, 0, 0, 0, 0, 0, 0, 0, 0)",4,4,True
Heiterkeitserfolgen,German,"(72, 101, 105, 116, 101, 114, 107, 101, 105, 116, 115, 101, 114, 102, 111, 108, 103, 101, 110, 0)",4,4,True
Drittdiskussionen,German,"(68, 114, 105, 116, 116, 100, 105, 115, 107, 117, 115, 115, 105, 111, 110, 101, 110, 0, 0, 0)",4,4,True
excederías,Spanish,"(101, 120, 99, 101, 100, 101, 114, 237, 97, 115, 0, 0, 0, 0, 0, 0, 0, 0, 0, 0)",1,1,True
tramaban,Spanish,"(116, 114, 97, 109, 97, 98, 97, 110, 0, 0, 0, 0, 0, 0, 0, 0, 0, 0, 0, 0)",1,1,True
Juristendeutsch,German,"(74, 117, 114, 105, 115, 116, 101, 110, 100, 101, 117, 116, 115, 99, 104, 0, 0, 0, 0, 0)",4,4,True
französisierend,German,"(102, 114, 97, 110, 122, 246, 115, 105, 115, 105, 101, 114, 101, 110, 100, 0, 0, 0, 0, 0)",4,4,True
poetologischen,German,"(112, 111, 101, 116, 111, 108, 111, 103, 105, 115, 99, 104, 101, 110, 0, 0, 0, 0, 0, 0)",4,4,True
Eilangebote,German,"(69, 105, 108, 97, 110, 103, 101, 98, 111, 116, 101, 0, 0, 0, 0, 0, 0, 0, 0, 0)",4,4,True
Editierplätzen,German,"(69, 100, 105, 116, 105, 101, 114, 112, 108, 228, 116, 122, 101, 110, 0, 0, 0, 0, 0, 0)",4,4,True
Sozialkasse,German,"(83, 111, 122, 105, 97, 108, 107, 97, 115, 115, 101, 0, 0, 0, 0, 0, 0, 0, 0, 0)",4,4,True
Wasserstoffblondinen,German,"(87, 97, 115, 115, 101, 114, 115, 116, 111, 102, 102, 98, 108, 111, 110, 100, 105, 110, 101, 110)",4,4,True
auspicien,Spanish,"(97, 117, 115, 112, 105, 99, 105, 101, 110, 0, 0, 0, 0, 0, 0, 0, 0, 0, 0, 0)",1,1,True
corvabais,Spanish,"(99, 111, 114, 118, 97, 98, 97, 105, 115, 0, 0, 0, 0, 0, 0, 0, 0, 0, 0, 0)",1,1,True
desembraguémosnos,Spanish,"(100, 101, 115, 101, 109, 98, 114, 97, 103, 117, 233, 109, 111, 115, 110, 111, 115, 0, 0, 0)",1,4,False
estudiaremos,Spanish,"(101, 115, 116, 117, 100, 105, 97, 114, 101, 109, 111, 115, 0, 0, 0, 0, 0, 0, 0, 0)",1,1,True
Zentromere,German,"(90, 101, 110, 116, 114, 111, 109, 101, 114, 101, 0, 0, 0, 0, 0, 0, 0, 0, 0, 0)",4,4,True
aufpeppte,German,"(97, 117, 102, 112, 101, 112, 112, 116, 101, 0, 0, 0, 0, 0, 0, 0, 0, 0, 0, 0)",4,1,False
rígido,Spanish,"(114, 237, 103, 105, 100, 111, 0, 0, 0, 0, 0, 0, 0, 0, 0, 0, 0, 0, 0, 0)",1,1,True
trastornarás,Spanish,"(116, 114, 97, 115, 116, 111, 114, 110, 97, 114, 225, 115, 0, 0, 0, 0, 0, 0, 0, 0)",1,1,True
Notausstiege,German,"(78, 111, 116, 97, 117, 115, 115, 116, 105, 101, 103, 101, 0, 0, 0, 0, 0, 0, 0, 0)",4,4,True
asimilarían,Spanish,"(97, 115, 105, 109, 105, 108, 97, 114, 237, 97, 110, 0, 0, 0, 0, 0, 0, 0, 0, 0)",1,1,True
Segmenttechnik,German,"(83, 101, 103, 109, 101, 110, 116, 116, 101, 99, 104, 110, 105, 107, 0, 0, 0, 0, 0, 0)",4,4,True
aullidos,Spanish,"(97, 117, 108, 108, 105, 100, 111, 115, 0, 0, 0, 0, 0, 0, 0, 0, 0, 0, 0, 0)",1,1,True
andaluzas,Spanish,"(97, 110, 100, 97, 108, 117, 122, 97, 115, 0, 0, 0, 0, 0, 0, 0, 0, 0, 0, 0)",1,1,True
Langkorn,German,"(76, 97, 110, 103, 107, 111, 114, 110, 0, 0, 0, 0, 0, 0, 0, 0, 0, 0, 0, 0)",4,4,True
indispuesta,Spanish,"(105, 110, 100, 105, 115, 112, 117, 101, 115, 116, 97, 0, 0, 0, 0, 0, 0, 0, 0, 0)",1,1,True
Messeplakate,German,"(77, 101, 115, 115, 101, 112, 108, 97, 107, 97, 116, 101, 0, 0, 0, 0, 0, 0, 0, 0)",4,4,True
temerosa,Spanish,"(116, 101, 109, 101, 114, 111, 115, 97, 0, 0, 0, 0, 0, 0, 0, 0, 0, 0, 0, 0)",1,1,True
Magnetbandsubsystems,German,"(77, 97, 103, 110, 101, 116, 98, 97, 110, 100, 115, 117, 98, 115, 121, 115, 116, 101, 109, 115)",4,4,True
balotaréis,Spanish,"(98, 97, 108, 111, 116, 97, 114, 233, 105, 115, 0, 0, 0, 0, 0, 0, 0, 0, 0, 0)",1,1,True
arboricultura,Spanish,"(97, 114, 98, 111, 114, 105, 99, 117, 108, 116, 117, 114, 97, 0, 0, 0, 0, 0, 0, 0)",1,4,False
Medieninformatikers,German,"(77, 101, 100, 105, 101, 110, 105, 110, 102, 111, 114, 109, 97, 116, 105, 107, 101, 114, 115, 0)",4,4,True
obenerwähntem,German,"(111, 98, 101, 110, 101, 114, 119, 228, 104, 110, 116, 101, 109, 0, 0, 0, 0, 0, 0, 0)",4,4,True
Gesamtzeitraumes,German,"(71, 101, 115, 97, 109, 116, 122, 101, 105, 116, 114, 97, 117, 109, 101, 115, 0, 0, 0, 0)",4,4,True
predigas,Spanish,"(112, 114, 101, 100, 105, 103, 97, 115, 0, 0, 0, 0, 0, 0, 0, 0, 0, 0, 0, 0)",1,1,True
fortgingen,German,"(102, 111, 114, 116, 103, 105, 110, 103, 101, 110, 0, 0, 0, 0, 0, 0, 0, 0, 0, 0)",4,4,True
glorías,Spanish,"(103, 108, 111, 114, 237, 97, 115, 0, 0, 0, 0, 0, 0, 0, 0, 0, 0, 0, 0, 0)",1,1,True
bisamos,Spanish,"(98, 105, 115, 97, 109, 111, 115, 0, 0, 0, 0, 0, 0, 0, 0, 0, 0, 0, 0, 0)",1,1,True
Zeitvergehens,German,"(90, 101, 105, 116, 118, 101, 114, 103, 101, 104, 101, 110, 115, 0, 0, 0, 0, 0, 0, 0)",4,4,True
impartiríamos,Spanish,"(105, 109, 112, 97, 114, 116, 105, 114, 237, 97, 109, 111, 115, 0, 0, 0, 0, 0, 0, 0)",1,1,True
descuarticemos,Spanish,"(100, 101, 115, 99, 117, 97, 114, 116, 105, 99, 101, 109, 111, 115, 0, 0, 0, 0, 0, 0)",1,1,True
reembolsaré,Spanish,"(114, 101, 101, 109, 98, 111, 108, 115, 97, 114, 233, 0, 0, 0, 0, 0, 0, 0, 0, 0)",1,1,True
Bundesfahne,German,"(66, 117, 110, 100, 101, 115, 102, 97, 104, 110, 101, 0, 0, 0, 0, 0, 0, 0, 0, 0)",4,4,True
uxoricidio,Spanish,"(117, 120, 111, 114, 105, 99, 105, 100, 105, 111, 0, 0, 0, 0, 0, 0, 0, 0, 0, 0)",1,1,True
unbeschönigt,German,"(117, 110, 98, 101, 115, 99, 104, 246, 110, 105, 103, 116, 0, 0, 0, 0, 0, 0, 0, 0)",4,4,True
superpusieras,Spanish,"(115, 117, 112, 101, 114, 112, 117, 115, 105, 101, 114, 97, 115, 0, 0, 0, 0, 0, 0, 0)",1,1,True
räumendes,German,"(114, 228, 117, 109, 101, 110, 100, 101, 115, 0, 0, 0, 0, 0, 0, 0, 0, 0, 0, 0)",4,1,False
nachlegendes,German,"(110, 97, 99, 104, 108, 101, 103, 101, 110, 100, 101, 115, 0, 0, 0, 0, 0, 0, 0, 0)",4,4,True
lavendelblau,German,"(108, 97, 118, 101, 110, 100, 101, 108, 98, 108, 97, 117, 0, 0, 0, 0, 0, 0, 0, 0)",4,1,False
Oktobergehalt,German,"(79, 107, 116, 111, 98, 101, 114, 103, 101, 104, 97, 108, 116, 0, 0, 0, 0, 0, 0, 0)",4,4,True
Besatzungsangehörige,German,"(66, 101, 115, 97, 116, 122, 117, 110, 103, 115, 97, 110, 103, 101, 104, 246, 114, 105, 103, 101)",4,4,True
redimisteis,Spanish,"(114, 101, 100, 105, 109, 105, 115, 116, 101, 105, 115, 0, 0, 0, 0, 0, 0, 0, 0, 0)",1,1,True
rotverschoben,German,"(114, 111, 116, 118, 101, 114, 115, 99, 104, 111, 98, 101, 110, 0, 0, 0, 0, 0, 0, 0)",4,1,False
hinunterkugelten,German,"(104, 105, 110, 117, 110, 116, 101, 114, 107, 117, 103, 101, 108, 116, 101, 110, 0, 0, 0, 0)",4,4,True
entariméis,Spanish,"(101, 110, 116, 97, 114, 105, 109, 233, 105, 115, 0, 0, 0, 0, 0, 0, 0, 0, 0, 0)",1,1,True
expiaremos,Spanish,"(101, 120, 112, 105, 97, 114, 101, 109, 111, 115, 0, 0, 0, 0, 0, 0, 0, 0, 0, 0)",1,1,True
Remter,German,"(82, 101, 109, 116, 101, 114, 0, 0, 0, 0, 0, 0, 0, 0, 0, 0, 0, 0, 0, 0)",4,4,True
Springringen,German,"(83, 112, 114, 105, 110, 103, 114, 105, 110, 103, 101, 110, 0, 0, 0, 0, 0, 0, 0, 0)",4,4,True
aviaban,Spanish,"(97, 118, 105, 97, 98, 97, 110, 0, 0, 0, 0, 0, 0, 0, 0, 0, 0, 0, 0, 0)",1,1,True
Halbpunkten,German,"(72, 97, 108, 98, 112, 117, 110, 107, 116, 101, 110, 0, 0, 0, 0, 0, 0, 0, 0, 0)",4,4,True
alabeen,Spanish,"(97, 108, 97, 98, 101, 101, 110, 0, 0, 0, 0, 0, 0, 0, 0, 0, 0, 0, 0, 0)",1,1,True
hilaron,Spanish,"(104, 105, 108, 97, 114, 111, 110, 0, 0, 0, 0, 0, 0, 0, 0, 0, 0, 0, 0, 0)",1,1,True
ausfegende,German,"(97, 117, 115, 102, 101, 103, 101, 110, 100, 101, 0, 0, 0, 0, 0, 0, 0, 0, 0, 0)",4,4,True
Kraftwerksbereich,German,"(75, 114, 97, 102, 116, 119, 101, 114, 107, 115, 98, 101, 114, 101, 105, 99, 104, 0, 0, 0)",4,4,True
objeciones,Spanish,"(111, 98, 106, 101, 99, 105, 111, 110, 101, 115, 0, 0, 0, 0, 0, 0, 0, 0, 0, 0)",1,1,True
Erhaltungstrieb,German,"(69, 114, 104, 97, 108, 116, 117, 110, 103, 115, 116, 114, 105, 101, 98, 0, 0, 0, 0, 0)",4,4,True
liebenswerteres,German,"(108, 105, 101, 98, 101, 110, 115, 119, 101, 114, 116, 101, 114, 101, 115, 0, 0, 0, 0, 0)",4,4,True
verminderst,German,"(118, 101, 114, 109, 105, 110, 100, 101, 114, 115, 116, 0, 0, 0, 0, 0, 0, 0, 0, 0)",4,4,True
garapiñáis,Spanish,"(103, 97, 114, 97, 112, 105, 241, 225, 105, 115, 0, 0, 0, 0, 0, 0, 0, 0, 0, 0)",1,1,True
Bohrstation,German,"(66, 111, 104, 114, 115, 116, 97, 116, 105, 111, 110, 0, 0, 0, 0, 0, 0, 0, 0, 0)",4,4,True
pornográfica,Spanish,"(112, 111, 114, 110, 111, 103, 114, 225, 102, 105, 99, 97, 0, 0, 0, 0, 0, 0, 0, 0)",1,4,False
bewundernswürdigen,German,"(98, 101, 119, 117, 110, 100, 101, 114, 110, 115, 119, 252, 114, 100, 105, 103, 101, 110, 0, 0)",4,4,True
hipotéticamente,Spanish,"(104, 105, 112, 111, 116, 233, 116, 105, 99, 97, 109, 101, 110, 116, 101, 0, 0, 0, 0, 0)",1,1,True
Empfängerlisten,German,"(69, 109, 112, 102, 228, 110, 103, 101, 114, 108, 105, 115, 116, 101, 110, 0, 0, 0, 0, 0)",4,4,True
Antragsfristen,German,"(65, 110, 116, 114, 97, 103, 115, 102, 114, 105, 115, 116, 101, 110, 0, 0, 0, 0, 0, 0)",4,4,True
reinsertar,Spanish,"(114, 101, 105, 110, 115, 101, 114, 116, 97, 114, 0, 0, 0, 0, 0, 0, 0, 0, 0, 0)",1,1,True
varad,Spanish,"(118, 97, 114, 97, 100, 0, 0, 0, 0, 0, 0, 0, 0, 0, 0, 0, 0, 0, 0, 0)",1,1,True
geleitend,German,"(103, 101, 108, 101, 105, 116, 101, 110, 100, 0, 0, 0, 0, 0, 0, 0, 0, 0, 0, 0)",4,4,True
wehende,German,"(119, 101, 104, 101, 110, 100, 101, 0, 0, 0, 0, 0, 0, 0, 0, 0, 0, 0, 0, 0)",4,4,True
plañíamos,Spanish,"(112, 108, 97, 241, 237, 97, 109, 111, 115, 0, 0, 0, 0, 0, 0, 0, 0, 0, 0, 0)",1,1,True
Kinderbuchprogramme,German,"(75, 105, 110, 100, 101, 114, 98, 117, 99, 104, 112, 114, 111, 103, 114, 97, 109, 109, 101, 0)",4,4,True
Zweiadressbefehle,German,"(90, 119, 101, 105, 97, 100, 114, 101, 115, 115, 98, 101, 102, 101, 104, 108, 101, 0, 0, 0)",4,4,True
rediseñasteis,Spanish,"(114, 101, 100, 105, 115, 101, 241, 97, 115, 116, 101, 105, 115, 0, 0, 0, 0, 0, 0, 0)",1,4,False
descorrierais,Spanish,"(100, 101, 115, 99, 111, 114, 114, 105, 101, 114, 97, 105, 115, 0, 0, 0, 0, 0, 0, 0)",1,1,True
Sitzgesellschaft,German,"(83, 105, 116, 122, 103, 101, 115, 101, 108, 108, 115, 99, 104, 97, 102, 116, 0, 0, 0, 0)",4,4,True
Liebesraserei,German,"(76, 105, 101, 98, 101, 115, 114, 97, 115, 101, 114, 101, 105, 0, 0, 0, 0, 0, 0, 0)",4,4,True
maravillaras,Spanish,"(109, 97, 114, 97, 118, 105, 108, 108, 97, 114, 97, 115, 0, 0, 0, 0, 0, 0, 0, 0)",1,1,True
nordfränkischer,German,"(110, 111, 114, 100, 102, 114, 228, 110, 107, 105, 115, 99, 104, 101, 114, 0, 0, 0, 0, 0)",4,4,True
Entscheidungswahl,German,"(69, 110, 116, 115, 99, 104, 101, 105, 100, 117, 110, 103, 115, 119, 97, 104, 108, 0, 0, 0)",4,4,True
microscópicamente,Spanish,"(109, 105, 99, 114, 111, 115, 99, 243, 112, 105, 99, 97, 109, 101, 110, 116, 101, 0, 0, 0)",1,4,False
habitaríamos,Spanish,"(104, 97, 98, 105, 116, 97, 114, 237, 97, 109, 111, 115, 0, 0, 0, 0, 0, 0, 0, 0)",1,1,True
amilanabas,Spanish,"(97, 109, 105, 108, 97, 110, 97, 98, 97, 115, 0, 0, 0, 0, 0, 0, 0, 0, 0, 0)",1,1,True
glucosas,Spanish,"(103, 108, 117, 99, 111, 115, 97, 115, 0, 0, 0, 0, 0, 0, 0, 0, 0, 0, 0, 0)",1,1,True
Sortierer,German,"(83, 111, 114, 116, 105, 101, 114, 101, 114, 0, 0, 0, 0, 0, 0, 0, 0, 0, 0, 0)",4,4,True
apedreéis,Spanish,"(97, 112, 101, 100, 114, 101, 233, 105, 115, 0, 0, 0, 0, 0, 0, 0, 0, 0, 0, 0)",1,1,True
römerzeitliches,German,"(114, 246, 109, 101, 114, 122, 101, 105, 116, 108, 105, 99, 104, 101, 115, 0, 0, 0, 0, 0)",4,4,True
kopfballstarke,German,"(107, 111, 112, 102, 98, 97, 108, 108, 115, 116, 97, 114, 107, 101, 0, 0, 0, 0, 0, 0)",4,4,True
Injektionsstellen,German,"(73, 110, 106, 101, 107, 116, 105, 111, 110, 115, 115, 116, 101, 108, 108, 101, 110, 0, 0, 0)",4,4,True
rebatimiento,Spanish,"(114, 101, 98, 97, 116, 105, 109, 105, 101, 110, 116, 111, 0, 0, 0, 0, 0, 0, 0, 0)",1,1,True
rumgebrüllt,German,"(114, 117, 109, 103, 101, 98, 114, 252, 108, 108, 116, 0, 0, 0, 0, 0, 0, 0, 0, 0)",4,4,True
desbrida,Spanish,"(100, 101, 115, 98, 114, 105, 100, 97, 0, 0, 0, 0, 0, 0, 0, 0, 0, 0, 0, 0)",1,1,True
explayábamos,Spanish,"(101, 120, 112, 108, 97, 121, 225, 98, 97, 109, 111, 115, 0, 0, 0, 0, 0, 0, 0, 0)",1,1,True
málicas,Spanish,"(109, 225, 108, 105, 99, 97, 115, 0, 0, 0, 0, 0, 0, 0, 0, 0, 0, 0, 0, 0)",1,1,True
tarantelas,Spanish,"(116, 97, 114, 97, 110, 116, 101, 108, 97, 115, 0, 0, 0, 0, 0, 0, 0, 0, 0, 0)",1,1,True
gedritteltes,German,"(103, 101, 100, 114, 105, 116, 116, 101, 108, 116, 101, 115, 0, 0, 0, 0, 0, 0, 0, 0)",4,4,True
honorierende,German,"(104, 111, 110, 111, 114, 105, 101, 114, 101, 110, 100, 101, 0, 0, 0, 0, 0, 0, 0, 0)",4,4,True
Armeelieferanten,German,"(65, 114, 109, 101, 101, 108, 105, 101, 102, 101, 114, 97, 110, 116, 101, 110, 0, 0, 0, 0)",4,4,True
despotricaran,Spanish,"(100, 101, 115, 112, 111, 116, 114, 105, 99, 97, 114, 97, 110, 0, 0, 0, 0, 0, 0, 0)",1,1,True
enriscar,Spanish,"(101, 110, 114, 105, 115, 99, 97, 114, 0, 0, 0, 0, 0, 0, 0, 0, 0, 0, 0, 0)",1,1,True
Fahrzeugspiegels,German,"(70, 97, 104, 114, 122, 101, 117, 103, 115, 112, 105, 101, 103, 101, 108, 115, 0, 0, 0, 0)",4,4,True
devinieron,Spanish,"(100, 101, 118, 105, 110, 105, 101, 114, 111, 110, 0, 0, 0, 0, 0, 0, 0, 0, 0, 0)",1,1,True
Trommelsaite,German,"(84, 114, 111, 109, 109, 101, 108, 115, 97, 105, 116, 101, 0, 0, 0, 0, 0, 0, 0, 0)",4,4,True
gargajeabais,Spanish,"(103, 97, 114, 103, 97, 106, 101, 97, 98, 97, 105, 115, 0, 0, 0, 0, 0, 0, 0, 0)",1,1,True
llorosas,Spanish,"(108, 108, 111, 114, 111, 115, 97, 115, 0, 0, 0, 0, 0, 0, 0, 0, 0, 0, 0, 0)",1,1,True
Actiongenres,German,"(65, 99, 116, 105, 111, 110, 103, 101, 110, 114, 101, 115, 0, 0, 0, 0, 0, 0, 0, 0)",4,4,True
Fesselekzem,German,"(70, 101, 115, 115, 101, 108, 101, 107, 122, 101, 109, 0, 0, 0, 0, 0, 0, 0, 0, 0)",4,4,True
Luftschallwelle,German,"(76, 117, 102, 116, 115, 99, 104, 97, 108, 108, 119, 101, 108, 108, 101, 0, 0, 0, 0, 0)",4,4,True
Frauenkampfsport,German,"(70, 114, 97, 117, 101, 110, 107, 97, 109, 112, 102, 115, 112, 111, 114, 116, 0, 0, 0, 0)",4,4,True
freuendes,German,"(102, 114, 101, 117, 101, 110, 100, 101, 115, 0, 0, 0, 0, 0, 0, 0, 0, 0, 0, 0)",4,4,True
